timestamp,bar_time,symbol,timeframe,close,volume,ret_1m,velocity,acceleration,jerk,E_norm,sgv_singularity_score,sgv_criticality_score,criticality_regime,is_high_critical,is_extreme_critical,field_stress_geodesic,field_gravity,field_curvature,field_curvature_scalar,rupture_prob_geodesic,geodesic_valid,geom_incoherence,geom_incoherence_abs,geo_resid_norm,acc_geo_norm,jerk_over_lambda,memory_flux,field_einstein_norm,field_stress_tensor_norm,gravitational_stress_score,sgv_singularity_prob,sgv_criticality_prob,sgv_singularity_type,sgv_stage,sgv_singularity_valid,terrain_state,terrain_transition_score,terrain_basin_depth,force_alignment_cos,force_dot_move,force_mag_local,sgv_edge_signal,sgv_edge_bucket,energy_state,energy_score,adaptive_psi,adaptive_coherence_threshold,required_score,pending_confirm_bars,memory_alignment,memory_accel,memory_accel_threshold,accel_confirmed,pending_confirmed,odyn_alignment,of_norm,mo_norm,phase_cos,price_delta_signed,criticality_delta,phase_ok,ignition_ok,energy_ok,regime,micro_tag,in_position,direction,strategy_active,entry_price_active,bars_in_position,drift_type,reason,A_t,B_t,C_t,D_t,E_t,G_t,V_star,v_proxy,v_stability,rho_proxy,J_t,dist_v,geo_risk,S_capote
2026-03-31 15:37:33.015408+00:00,2026-03-31 15:27:00+00:00,BTC/USDT,1m,67067.74,47.4059,-0.0004110569857928,-0.0004110569857928,0.0012270551840458,0.0018753053013218,-0.3894127129994992,25.163360335667363,2.28982272268742,,False,False,4.087139297882879,-451.7454333743996,16.302290321841294,-243464.7600018384,0.947914630009253,True,8.997776245914925e-06,8.997776245914925e-06,0.0072123096462162,3.6458054734917453e-07,1.076242636750943e-06,-0.7558463294117246,27848047871.16746,524.4044052124065,-77.69279761970499,0.3533754322343336,0.3858602847382352,gravity,normal,True,TENSIONED,4.899291230945866,-2.147175718705425,-0.9999982668512256,-0.0970919353666869,0.1879362057186155,-1.0,EXTREME,,,,,0,0,,,,False,False,,,,,,,False,False,False,,,0,0,,,0,,state,0.5,0.5375000000000001,0.0,0.2,0.5,0.5,0.38750000000000007,-0.025000000000000133,0.5,0.5249999999999999,0.5,1.0,0.5,0.6187499999999999
2026-03-31 15:38:28.585458+00:00,2026-03-31 15:28:00+00:00,BTC/USDT,1m,66988.82,28.20714,-0.0011767207304137,-0.0011767207304137,-0.0007656637446209,-0.0019927189286668,-1.0040821583444122,25.57163633337177,2.2310074184038964,,False,False,4.091966959139643,-302.9119395427893,16.248748873189882,-161901.76043902684,0.9479152614636508,True,9.775168424950532e-05,9.775168424950532e-05,0.0148496492302991,1.357721413189732e-05,3.950377521283014e-06,-4.664037212030962,115990514572.94284,522.0885328759593,-75.08415250040251,0.5027260432464482,0.2377134555713646,gravity,normal,True,TENSIONED,2.2948316116305727,-2.2199974501263453,0.998199130778469,0.033164340040553,0.1729000677163729,-1.0,ACTIVE,,,,,0,0,,,,False,False,,,,,,,False,False,False,,,0,0,,,0,,state,0.5,0.4775,0.0,0.2,0.5,0.5,0.3755,-0.0009999999999998899,0.5,0.5249999999999999,0.5,1.0,0.5,0.6187499999999999
2026-03-31 15:40:21.962377+00:00,2026-03-31 15:29:00+00:00,BTC/USDT,1m,66955.99,24.67275,-0.0016662258188512,-0.000490081777825,0.0006866389525886,0.0014523026972096,-1.0224804690513007,26.30790717403161,2.3827483581039464,,False,False,4.119594054730214,1036.2012806388784,16.288829680015144,435798.9351042905,0.9492394316368324,True,0.0003303991161242,0.0003303991161242,0.0204036738335403,4.663328782897322e-06,7.19516349299233e-06,-6.072401922530844,99850984735.21677,519.2686553788683,81.21228970733247,0.7030711540628386,0.5172416575633472,gravity,normal,True,COHERENT,-2.668755295950704,-2.105378813206072,0.9993202964545728,0.0206446468543013,0.05850817317483,1.0,EXTREME,,,,,0,0,,,,False,False,,,,,,,False,False,False,,,0,0,,,0,,state,0.5,0.5750000000000001,0.0,0.2,0.5,0.5,0.395,-0.040000000000000036,0.5,0.5249999999999999,0.5,1.0,0.5,0.6187499999999999
2026-03-31 15:41:17.819341+00:00,2026-03-31 15:32:00+00:00,BTC/USDT,1m,66994.86,11.02841,-0.0009171389559469,-0.0009171389559469,-0.0032894192419837,-0.0065328687841246,-0.6497260341010318,25.08183774463932,2.2557613578811857,,False,False,4.075615862555871,-366.4807035541534,16.277965348336497,-195040.24879854624,0.947288408185334,True,6.689798541940457e-06,6.689798541940457e-06,0.0024048534050287,5.868717997991752e-08,9.965611619244725e-07,-3.375244121358264,48044721575.04582,517.6602984605721,-76.146255379212,0.3508242545259994,0.2831113432646967,gravity,normal,True,COHERENT,-1.6733677494709769,-2.2687449684075194,0.9971161062886016,0.082044743805507,0.4116999911390713,1.0,EXTREME,,,,,0,0,,,,False,False,,,,,,,False,False,False,,,0,0,,,0,,state,0.5246648291669012,0.5750000000000001,0.9999997602575882,0.2,0.5,0.5,0.5511661713303635,-0.352332342660727,0.5,0.5249999999999999,0.5,0.863556876452364,0.5,0.5846392191130909
2026-03-31 15:42:13.618001+00:00,2026-03-31 15:33:00+00:00,BTC/USDT,1m,66961.82,12.28778,-0.0004931721627599,-0.0004931721627599,0.000423966793187,0.0037133860351707,-0.8566702311793642,26.28548011271518,2.404840484290838,,False,False,4.112443620173213,-1172.6095812073777,16.442484801297127,-524734.4862277398,0.9495261322807592,True,3.4930845895363546e-08,3.4930845895363546e-08,0.0015197346572715,2.6205050397333e-08,6.78103623284814e-08,-4.858473604312167,73869548146.0945,515.509274692746,-82.27827601904629,0.712774998186938,0.5633942026088896,gravity,normal,True,COHERENT,-2.260070578529512,-2.2102620398087995,-0.9992859759206651,-0.0480597112358425,0.2006503548536159,1.0,ACTIVE,,,,,0,0,,,,False,False,,,,,,,False,False,False,,,0,0,,,0,,state,0.4497675645374877,0.74,0.9999997856062766,0.0,0.52,0.5,0.5354418589753134,-0.33088371795062677,0.0,0.6499999999999999,0.5,0.8921550427324977,0.5,0.5645387606831245
2026-03-31 15:43:09.978934+00:00,2026-03-31 15:34:00+00:00,BTC/USDT,1m,66992.45,14.45013,0.0004574248429924,0.0004574248429924,0.0009505970057523,0.0005266302125653,-0.6183128439328702,26.411802419975505,2.499298496167018,,False,False,4.076674016096012,2045.25059471196,16.293830235717135,991471.2490007874,0.9473986072022312,True,1.7001981588097524e-06,1.7001981588097524e-06,0.0012779395118332,2.544191773544831e-08,4.510978910357303e-07,-3.0840460309409536,29140830657.247906,513.4466841026175,86.19803454142979,0.6969240745397403,0.6809818028731962,gravity,normal,True,COHERENT,-5.162019625660041,-2.2789271060977208,-0.4793813181210177,-0.0509116062392668,0.4262665284375202,-1.0,ACTIVE,,,,,0,0,,,,False,False,,,,,,,False,False,False,,,1,-1,V22_PREMIUM,66961.82,1,,state,0.42149874885953065,0.84,0.8213789459727436,0.41666666666666663,0.5166666666666667,0.5,0.5840815291107941,-0.42649639155492164,0.0,0.8541666666666666,0.5,0.7646714779267713,0.5,0.4809595361483595
2026-03-31 15:44:35.754546+00:00,2026-03-31 15:35:00+00:00,BTC/USDT,1m,67026.2,14.68326,0.0005037881134366,0.0005037881134366,4.6363270444160776e-05,-0.0009042337353082,-0.3784800017847868,25.600702950833643,2.387648569090175,,False,False,4.079837852176641,-1006.507283432287,16.307105903250516,-470964.5591568248,0.9475978253650238,True,5.599237309363649e-07,5.599237309363649e-07,0.0020068854475908,1.6942740965497465e-08,2.4197262560674165e-07,-1.2422927511797752,41355679765.17996,512.1342327450054,-81.51727190998932,0.5773876657102875,0.4941250380241574,gravity,normal,True,COHERENT,-3.511432514753632,-2.023684034427243,-0.035615095395434,-0.00213181997724,0.2126563104395685,-1.0,ACTIVE,,,,,0,0,,,,False,False,,,,,,,False,False,False,,,1,-1,V22_PREMIUM,66961.82,2,,state,0.4171555313297608,0.7257142857142858,0.6582673298693126,0.5,0.5142857142857143,0.5,0.5481718394556943,-0.3534865360542457,0.1428571428571429,0.8428571428571429,0.5,0.8620179519276725,0.5,0.5076473451247753
2026-03-31 15:45:32.450687+00:00,2026-03-31 15:36:00+00:00,BTC/USDT,1m,67067.75,6.96051,0.0006199068423988,0.0006199068423988,0.0001161187289622,6.975545851806153e-05,-0.0867371113660771,24.552444427907933,2.116861323336681,,False,False,4.097108636994726,-197.6130568224396,16.355542416520983,-76802.90667764284,0.9485370600972812,True,7.553006766020769e-06,7.553006766020769e-06,0.0041002010822573,9.572662951604992e-10,9.814384647527506e-07,0.8973065761238104,52753372203.67542,511.0667527846398,-70.17644750531453,0.1882883603593617,0.1058485124236585,gravity,normal,True,COHERENT,-6.760767500604448,-1.5684402259347352,0.9999753821218964,0.0117978266576709,0.1134018582657626,1.0,EXTREME,,,,,0,0,,,,False,False,,,,,,,False,False,False,,,1,-1,V22_PREMIUM,66961.82,3,,state,0.4462603206048499,0.5062500000000001,0.49367171886420746,0.525,0.5125000000000001,0.5,0.49061583798084357,-0.2374816759616873,0.375,0.53125,0.5,1.0,0.5,0.6196875
2026-03-31 15:46:29.261492+00:00,2026-03-31 15:37:00+00:00,BTC/USDT,1m,67085.19,8.04054,0.0002600355610558,0.0002600355610558,-0.000359871281343,-0.0004759900103052,0.0112499819878759,25.48656299279849,2.2848003054106774,,False,False,4.095156457497288,-470.5157121183881,16.331778545337322,-234499.2214484484,0.9483514886753492,True,2.558173097717049e-05,2.558173097717049e-05,0.0048414467316361,6.468071131500637e-07,1.7274053301722853e-06,1.7244479947403306,39923599978.20223,510.1924573606564,-77.11868713503365,0.4580420872954428,0.2939405790111492,gravity,normal,True,COHERENT,-6.019110563799007,-1.4120809210411855,-0.9995219162458489,-0.0046516462303943,0.0881300829989531,-1.0,EXTREME,,,,,0,0,,,,False,False,,,,,,,False,False,False,,,0,0,,,0,,state,0.44627520656126796,0.6611111111111112,0.39578904502767237,0.4888888888888889,0.6000000000000001,0.5,0.5014927139500234,-0.3029854279000468,0.4444444444444444,0.7555555555555555,0.5,0.9293527627999376,0.5,0.5634493018110955
2026-03-31 15:47:26.294785+00:00,2026-03-31 15:38:00+00:00,BTC/USDT,1m,67095.68,11.27267,0.0001563683429977,0.0001563683429977,-0.0001036672180581,0.0002562040632849,0.0637961541435696,23.919898761090884,1.9641028057674537,,False,False,4.069601092955186,112.91670880142584,16.26986119398635,28051.873718662537,0.9469956251414297,True,4.446652138267434e-07,4.446652138267434e-07,0.0012656086734973,1.2242608901466978e-07,1.8922458097044897e-07,2.1627256055071484,50062769718.61256,509.3263713943063,63.858428881241146,0.0769101233585456,0.0196284878318952,gravity,normal,True,COHERENT,-10.485015189442043,-1.356626315806378,-0.6824523738573053,-0.0201241978078433,0.0733864927682283,-1.0,EXTREME,,,,,0,0,,,,False,False,,,,,,,False,False,False,,,0,0,,,0,,state,0.39375484704139996,0.515,0.21265276441996112,0.5800000000000001,0.6000000000000001,0.5,0.44533662642334415,-0.19067325284668835,0.5,0.61,0.5,1.0,0.5,0.6174999999999999
2026-03-31 15:49:19.390751+00:00,2026-03-31 15:39:00+00:00,BTC/USDT,1m,67030.88,7.60438,-0.0009657849804933,-0.0009657849804933,-0.001122153323491,-0.0010184861054329,-0.4760233299367921,25.68617952816573,2.400414104591176,,False,False,4.083691780237595,1057.9510910469996,16.312501395596595,510851.78400562296,0.9477739991995608,True,7.12711206135485e-06,7.12711206135485e-06,0.0016708858164569,1.0273930691507076e-08,8.698938930419976e-07,-1.185297810457996,25998521390.90868,515.8225823057292,82.11874413388308,0.4769353875893355,0.5104033212904727,gravity,normal,True,COHERENT,-12.468639920278578,-1.6337375241570302,-0.999998269453584,-0.0105837402068281,0.0903403463522204,-1.0,EXTREME,,,,,0,0,,,,False,False,,,,,,,False,False,False,,,0,0,,,0,,state,0.3312761418567701,0.8454545454545456,0.0865581204796351,0.5818181818181818,0.5750000000000001,0.5,0.47716638989977417,-0.24183277979954848,0.5454545454545454,0.6772727272727272,0.5,1.0,0.5,0.5956818181818181
2026-03-31 15:51:08.920471+00:00,2026-03-31 15:41:00+00:00,BTC/USDT,1m,67025.12,9.76073,-8.59305442507674e-05,0.0001950395488572,0.000475954852371,-0.0002089148246084,-0.5037216708591908,25.9650666813248,2.3357970435683955,,False,False,4.091164663328334,708.3811100979198,16.335807584788274,331145.1108395121,0.9481944904108838,True,9.094055250772703e-06,9.094055250772703e-06,0.0027667297302544,8.889863136267205e-08,9.349652439074868e-07,-1.310624904523138,91125318885.0822,514.268382036075,79.37195009486649,0.5903243094667217,0.4323703607580369,gravity,normal,True,COHERENT,-9.014088204757982,-1.534294601642384,0.1526708271424625,0.0016652143827489,0.0936337939751774,1.0,ACTIVE,,,,,0,0,,,,False,False,,,,,,,False,False,False,,,0,0,,,0,,state,0.30488722688345327,0.6691666666666667,0.12777620601313008,0.6583333333333333,0.55,0.5,0.45297157095616614,-0.1809431419123323,0.5833333333333333,0.7520833333333333,0.5,1.0,0.5,0.5719791666666667
2026-03-31 15:52:34.036729+00:00,2026-03-31 15:43:00+00:00,BTC/USDT,1m,66951.51,7.64333,-0.0010982449565177,-0.0008102283682905,-0.0005219782316254,-3.868854610311612e-05,-0.9509308914556596,24.52186657021235,2.2414396003437216,,False,False,4.078896896498966,-412.7028295759443,16.297856768085246,-177565.62168456562,0.947521312023582,True,1.2869497168051656e-06,1.2869497168051656e-06,0.0026972940591436,6.33197376368233e-08,3.586109521516372e-07,-4.815065105547546,15144679035.413883,513.2583910492873,-75.45645875151357,0.1826667870800189,0.204927198837063,gravity,normal,True,COHERENT,-8.156658338569663,-1.7812925085653948,-0.7004607538604665,-0.0065793372185305,0.1222100004024773,-1.0,EXTREME,,,,,0,0,,,,False,False,,,,,,,False,False,False,,,0,0,,,0,,state,0.31422551507283447,0.6115384615384616,0.03675402602118355,0.6846153846153846,0.55,0.5,0.4340694826713861,-0.14313896534277226,0.6153846153846154,0.5596153846153846,0.5,1.0,0.5,0.6200961538461538
2026-03-31 15:54:27.553854+00:00,2026-03-31 15:44:00+00:00,BTC/USDT,1m,66935.0,8.20764,-0.000246596379977,-0.000246596379977,0.0005636319883135,0.001085610219939,-1.0882153612996317,26.362100353071835,2.4562542607705184,,False,False,4.092682453400663,-1485.4259666744724,16.32949488578791,-737550.8761755396,0.9482446556102252,True,1.2928898534659789e-05,1.2928898534659789e-05,0.0049661694737022,1.2642479280701666e-07,1.1136743978933252e-06,-5.39976341703732,45079203591.37459,512.2343258489325,-84.31910933752064,0.6508152845367848,0.6078798648666728,gravity,normal,True,COHERENT,-4.224995898709928,-1.7705376597118303,0.9985329244629032,0.0039578764918592,0.056748340832837,-1.0,ACTIVE,,,,,0,0,,,,False,False,,,,,,,False,False,False,,,0,0,,,0,,state,0.360410335153582,0.8130769230769231,0.21755973711229065,0.6846153846153846,0.5,0.5,0.5130442366629314,-0.27608847332586284,0.6923076923076923,0.8807692307692307,0.5,0.9652153688988495,0.5,0.5211115345324047
2026-03-31 15:56:19.811558+00:00,2026-03-31 15:46:00+00:00,BTC/USDT,1m,66931.38,11.7337,-5.40823186673256e-05,0.0001857470865875,0.0004255319525022,0.0004187204384399,-1.0299025783765148,25.81541098693323,2.44692632299901,,False,False,4.112687126083487,1476.5227966063276,16.4256141472877,691959.1473033623,0.949467108236492,True,5.84031819872484e-06,5.84031819872484e-06,0.0028344474603578,6.306872974157612e-07,7.197183375427547e-07,-5.014123522778391,36452928080.78779,511.35637679273947,83.89787739049146,0.545877668610157,0.6288497413292279,gravity,normal,True,COHERENT,-3.402053822071712,-1.7120471024193675,-0.999964029228944,-0.10992136094724,0.4192108774945243,-1.0,EXTREME,,,,,0,0,,,,False,False,,,,,,,False,False,False,,,0,0,,,0,,state,0.3302744309712848,0.8538461538461538,0.40560606195018956,0.7615384615384615,0.5750000000000001,0.5,0.5534095170353497,-0.3943190340706994,0.7692307692307692,0.7173076923076923,0.5,0.8075746212390674,0.5,0.5375667322328438
2026-03-31 15:57:15.341785+00:00,2026-03-31 15:48:00+00:00,BTC/USDT,1m,66909.97,4.81215,-0.0003198798530674,0.0003721308249911,0.00106388408034,0.0019413844222766,-0.9339104559669846,25.173969988755843,2.454166903832179,,False,False,4.099788475419143,-1422.6196081041803,16.34379059387246,-724162.2795990633,0.9486092626427772,True,2.3240762135116103e-05,2.3240762135116103e-05,0.0066806235058893,1.2192299878574097e-07,1.5577750334275277e-06,-5.480146444242564,21168977958.14869,521.0503481163438,-84.4345844270113,0.3397507653235523,0.6369715804063827,gravity,normal,True,COHERENT,-0.9239070174926852,-1.8123704398575524,-0.9999574186441744,-0.05713397015578,0.187723664201324,-1.0,EXTREME,,,,,0,0,,,,False,False,,,,,,,False,False,False,,,0,0,,,0,,state,0.2677765309473451,0.8538461538461538,0.7386794211085226,0.823076923076923,0.5,0.5,0.5969768151338839,-0.4439536302677678,0.8461538461538461,0.7980769230769231,0.5,0.7413951596429763,0.5,0.4858295591415133
2026-03-31 15:58:10.716103+00:00,2026-03-31 15:49:00+00:00,BTC/USDT,1m,66950.14,6.41814,0.0006003589599576,0.0006003589599576,0.0002282281349665,-0.0008356559453734,-0.5669069563654697,26.300322238584656,2.439223169770396,,False,False,4.08154432680381,1359.877965288065,16.2577868048891,656249.5730244286,0.9474717656304272,True,4.487477140090534e-05,4.487477140090534e-05,0.0072247416480501,2.2910783527911616e-06,1.974215040976018e-06,-3.19771369000955,37084347464.66165,522.8670071410279,83.86488538514426,0.6919377632486529,0.6249491420375789,gravity,normal,True,COHERENT,-3.6445635295093832,-1.5254103394816851,0.9999465505760016,0.0060471955631295,0.1463192332098427,1.0,EXTREME,,,,,0,0,,,,False,False,,,,,,,False,False,False,,,0,0,,,0,,state,0.3302599205355279,0.7846153846153846,0.5709244456734198,0.823076923076923,0.42500000000000004,0.5,0.5735882623695103,-0.3596765247390207,0.8461538461538461,0.6788461538461538,0.5,0.8537646336813057,0.5,0.528729619958788
2026-03-31 15:59:35.999580+00:00,2026-03-31 15:50:00+00:00,BTC/USDT,1m,66953.51,6.13268,5.033596643699845e-05,5.033596643699845e-05,-0.0005500229935206,-0.0007782511284872,-0.5091196083416708,26.025963446922653,2.3679511810785816,,False,False,4.053059725982296,-868.0287908147964,16.189317657400238,-414716.1818369627,0.9459347793528852,True,3.869220815668407e-06,3.869220815668407e-06,0.003020251938531,2.6463955298624894e-07,5.391496639422809e-07,-2.869310208247043,61402654645.31824,521.1963422338938,-80.9499979502481,0.631461974920209,0.4905034655711159,gravity,normal,True,COHERENT,-3.524868843877897,-1.4461161476834254,0.999903237641339,0.0832562610646246,0.1586304814929555,1.0,EXTREME,,,,,0,0,,,,False,False,,,,,,,False,False,False,,,1,1,V22_PREMIUM,66950.14,1,,state,0.38283353339486054,0.6961538461538462,0.6196114923367553,0.7538461538461538,0.525,0.5,0.5659577995069207,-0.39441559901384143,0.7692307692307692,0.8153846153846155,0.5,0.8074458679815448,0.5,0.5030153131492323
2026-03-31 16:01:30.013627+00:00,2026-03-31 15:51:00+00:00,BTC/USDT,1m,67037.02,12.08609,0.0012472833761816,0.0012472833761816,0.0011969474097446,0.0017469704032653,-0.0027134779573397,26.250210468178988,2.374493422261082,,False,False,4.088427617255579,927.074218675274,16.33888675895899,429997.03754531406,0.948082433042978,True,4.007157143905937e-06,4.007157143905937e-06,0.0007733718730116,4.3940486881929564e-09,5.618489469186419e-07,1.449711029039463,81867628630.94724,528.0829298433605,81.34638507351038,0.653917244692101,0.437841094185815,gravity,normal,True,COHERENT,-2.488076321195619,-1.4244358590711297,0.8129259470204478,0.0022664397150088,0.3872987387300269,-1.0,ACTIVE,,,,,0,0,,,,False,False,,,,,,,False,False,False,,,1,1,V22_PREMIUM,66950.14,2,,state,0.43948741515967404,0.6707692307692308,0.02518268122717951,0.6615384615384615,0.55,0.5,0.4720338713586108,-0.21906774271722151,0.9230769230769231,0.8346153846153846,0.5,1.0,0.5,0.5513461538461538
2026-03-31 16:02:27.812214+00:00,2026-03-31 15:53:00+00:00,BTC/USDT,1m,67004.91,7.21443,-0.0004789890720082,-0.0005147717566768,-0.0005505728707476,0.000660909391363,-0.2304645264141097,26.414046006485943,2.4743486332190945,,False,False,4.098331142902917,-1769.3463437471255,16.338378123755735,-828826.8751960942,0.9485239667570816,True,2.334185055651089e-05,2.334185055651089e-05,0.0064743498122727,4.586240296369981e-07,1.3988022477796894e-06,-0.3030881655577104,42111423975.98999,530.1834790823973,-85.51570777715814,0.7210204791512722,0.6605553970114666,gravity,normal,True,COHERENT,-5.750900149237904,-1.1603981971728796,0.9312803393242844,0.0094813087152334,0.0726083201520694,1.0,EXTREME,,,,,0,0,,,,False,False,,,,,,,False,False,False,,,1,1,V22_PREMIUM,66950.14,3,,state,0.46381896241535603,0.9538461538461539,0.07320092188714687,0.5615384615384615,0.6000000000000001,0.5,0.526934878886911,-0.3538697577738221,0.8461538461538461,0.9019230769230769,0.5,0.8615069896349038,0.5,0.5098959781779567
2026-03-31 16:03:24.092521+00:00,2026-03-31 15:54:00+00:00,BTC/USDT,1m,66981.1,4.92886,-0.0003553470932204,-0.0003553470932204,0.0001594246634563,0.0007099975342039,-0.3697373821439756,24.560495248008014,2.247553353827177,,False,False,4.109813045915039,-309.31831976759634,16.351421309649666,-181042.1923459253,0.9490660064748372,True,6.743529123948235e-05,6.743529123948235e-05,0.0098760036471807,8.740153661635725e-07,2.3293046986378384e-06,-1.4784352159040282,17411742232.48294,527.0976900064194,-75.89899691777215,0.1957462142145376,0.2532079354452496,gravity,normal,True,COHERENT,-6.205698156907177,-1.180070916803197,0.9305629024060432,0.0050661292583886,0.0725242869039116,1.0,EXTREME,,,,,0,0,,,,False,False,,,,,,,False,False,False,,,1,1,V22_PREMIUM,66950.14,4,,state,0.5147884516736844,0.6076923076923078,0.13215038294214357,0.5923076923076923,0.5750000000000001,0.5,0.48390428574435806,-0.25530857148871616,0.9230769230769231,0.6288461538461538,0.5,0.9929219046817117,0.5,0.6060189377088894
2026-03-31 16:03:55.332603+00:00,2026-03-31 15:54:00+00:00,BTC/USDT,1m,66981.1,4.92886,-0.0003553470932204,-0.0003553470932204,0.0001594246634563,0.0007099975342039,-0.3697373821439756,24.560495248008014,2.247553353827177,,False,False,4.109813045915039,-309.31831976759634,16.351421309649666,-181042.1923459253,0.9490660064748372,True,6.743529123948235e-05,6.743529123948235e-05,0.0098760036471807,8.740153661635725e-07,2.3293046986378384e-06,-1.4784352159040282,17411742232.48294,527.0976900064194,-75.89899691777215,0.1957462142145376,0.2532079354452496,gravity,normal,True,COHERENT,-6.205698156907177,-1.180070916803197,0.9305629024060432,0.0050661292583886,0.0725242869039116,1.0,EXTREME,MID,1.0,0.3,0.3,2,1,0.9305629024060432,0.0,0.08,False,True,0.9305629024060432,0.0,0.0,-0.9999999982007288,-23.80999999999767,0.0233423171969509,False,False,True,ANTI_PHASE,NONE,0,0,,,0,,state,0.49391438851814384,0.625,0.09658264491480913,0.6538461538461539,0.45,0.5,0.4860429169436804,-0.1970858338873608,0.5384615384615384,0.6653846153846155,0.5,1.0,0.5,0.5736538461538462
2026-03-31 16:04:23.094777+00:00,2026-03-31 15:55:00+00:00,BTC/USDT,1m,66967.02,4.06371,-0.0002102085513675,-0.0002102085513675,0.0001451385418529,-1.4286121603368508e-05,-0.4238335087294384,24.79003628885816,2.2296888686253418,,False,False,4.08972395242612,374.97093048584907,16.282436954545755,161968.95919390663,0.9479459580512292,True,3.846302613319937e-05,3.846302613319937e-05,0.0100175705900443,7.152924583313186e-07,1.7784740574820592e-06,-2.108539668275625,36746985655.18722,524.2534818932186,75.13629302595743,0.2703555958717154,0.2549107366796734,gravity,normal,True,COHERENT,-5.556456549272069,-1.256148885082711,0.9999724703614984,0.1397737360601947,0.1953676002376176,1.0,EXTREME,LOW,0.0,0.4,0.35,3,2,0.947915294394907,0.0173523919888637,0.08,False,False,0.9305629024060432,0.069409567955455,0.0173523919888637,0.9999999996441375,-14.080000000001746,-0.1995791758253018,True,False,True,LATENT_DISLOCATION,NONE,0,0,,,0,,state,0.5751624041236727,0.5384615384615384,0.049258957123831326,0.6846153846153846,0.47500000000000003,0.5,0.4865640599841083,-0.2106281199682167,0.6153846153846154,0.6711538461538462,0.5,1.0,0.5,0.5772115384615384
2026-03-31 16:10:22.376331+00:00,2026-03-31 15:56:00+00:00,BTC/USDT,1m,66844.0,9.61278,-0.0018370236573167,-0.0018370236573167,-0.0016268151059491,-0.0017719536478021,-1.0862176260323868,25.636856510317863,2.2943119830835976,,False,False,4.101628507567435,-579.5534895990166,16.328961186135952,-248196.1989658452,0.9486263606637502,True,5.320886964216429e-05,5.320886964216429e-05,0.0085337141381932,3.65719792169354e-07,2.1270381391528387e-06,-8.15419545857003,97137626375.0428,519.5663671195073,-77.69845158430225,0.5208698220861788,0.3893540499092586,gravity,normal,True,COHERENT,-0.8345298044078204,-1.8871827343183147,0.9994128598872796,0.0788923385078805,0.5162841425179032,1.0,EXTREME,LOW,0.0,0.4,0.35,3,2,0.9998325677429436,0.0001399026185546,0.08,False,False,0.9999724703614984,0.0005596104742185,0.0001399026185546,0.9999999999538736,-123.02000000000407,-0.1762281799846929,True,False,True,LATENT_DISLOCATION,NONE,0,0,,,0,,state,0.6563927253269158,0.676923076923077,0.26075260051196264,0.9000000000000001,0.6000000000000001,0.5,0.5985956867931388,-0.49719137358627763,0.23076923076923073,0.7480769230769231,0.5,0.6704115018849631,0.5,0.50058364470201
2026-03-31 16:11:19.525465+00:00,2026-03-31 16:01:00+00:00,BTC/USDT,1m,66883.89,22.66384,0.0005967626114535,0.0011566219036378,0.0001104225054049,-0.0006046655082472,-0.5573830520780596,24.994715761357096,2.2858451758197966,,False,False,4.079179681448534,429.5674147507909,16.278817810453113,237603.3463650085,0.9474464629400878,True,1.638893401050622e-05,1.638893401050622e-05,0.0035868917879895,1.3487018420800328e-07,1.0128652651380937e-06,-3.600918169977376,18846247610.15519,516.1221195836573,77.34346101020141,0.2930834844944656,0.312179291633737,gravity,normal,True,COHERENT,-3.2935145934631875,-1.166966915568295,-0.9992795236298344,-0.0068728369531266,0.0656957335854731,-1.0,EXTREME,HIGH,5.401531812555613,0.15,0.2,2,1,0.4997397640080012,0.4996730958792785,0.08,True,False,0.9994128598872796,1.9986923835171144,0.4996730958792785,-0.9999999997861456,39.88999999999942,-0.1172244069554269,False,True,True,DISSIPATION,NONE,0,0,,,0,,state,0.5751669105119932,0.6923076923076924,0.26163621813789417,0.6153846153846154,0.6000000000000001,0.5,0.5388063911179133,-0.3776127822358266,0.3076923076923077,0.7269230769230769,0.5,0.8298496236855645,0.5,0.545731636690622
2026-03-31 16:12:16.525226+00:00,2026-03-31 16:03:00+00:00,BTC/USDT,1m,66855.42,7.35192,-0.0004256630408309,-0.0006439606269199,-0.0008623988786424,7.578477327285782e-05,-0.684599590290236,25.611636185416973,2.3485333822227203,,False,False,4.112363487942131,-666.0008349849896,16.389894489109277,-356832.7478260263,0.9493242084645376,True,2.6484123436708065e-05,2.6484123436708065e-05,0.0071472067450517,1.0817108788689034e-06,1.3916915697582058e-06,-4.709878371460945,42722076747.19191,513.155011937921,-79.81083724906784,0.5243931503876955,0.4701829369706394,gravity,normal,True,COHERENT,-3.3876976102786527,-1.3493476731745957,0.1494734432609672,0.0001143275368447,0.1598640917285391,1.0,ACTIVE,LOW,0.0,0.4,0.35,3,2,-0.712091281907134,0.2871882417227004,0.08,True,False,-0.9992795236298344,1.1487529668908016,0.2871882417227004,0.9999999997391564,28.470000000001164,0.1346580280023079,True,False,True,TRANSITION,NONE,1,-1,V22_PREMIUM,66883.89,1,,state,0.5673409794327158,0.6515384615384615,0.33024445221167475,0.8076923076923077,0.42500000000000004,0.5,0.5678334511514687,-0.34816690230293734,0.9230769230769231,0.8480769230769231,0.5,0.8691107969294168,0.5,0.4902584684631235
2026-03-31 16:16:33.834021+00:00,2026-03-31 16:06:00+00:00,BTC/USDT,1m,66933.3,6.42705,0.0014644929290488,0.0014644929290488,0.0017050260509683,0.0018869251833025,-0.0054259389931963,25.384569157873784,2.426477985516412,,False,False,4.101600507710183,-1150.7199302613158,16.394824181740926,-606954.3505135686,0.9488732237902544,True,1.670241387651931e-06,1.670241387651931e-06,0.0010226027995608,1.152898384748664e-09,3.249673991982104e-07,-0.0849894714629044,10938747282.806026,517.343783208821,-83.23482069964125,0.4550430559076882,0.6045394586738814,gravity,normal,True,COHERENT,-2.130955009037219,-1.0740393883327188,0.9995179421820092,0.0491170606368116,0.2272317263901989,1.0,EXTREME,LOW,0.0,0.4,0.35,3,2,-0.1226455899158292,0.3740545106992794,0.08,True,False,-0.9992795236298344,1.998797465811844,0.8766339337140052,-0.9999999999221816,-97.88000000000466,0.1312876061254257,False,True,True,UNDEFINED,NONE,1,-1,V22_PREMIUM,66883.89,2,,state,0.5544219792829737,0.8307692307692308,0.279763996324605,0.8,0.47500000000000003,0.5,0.5917239404232804,-0.42094788084656076,0.6153846153846154,0.7769230769230769,0.5,0.7720694922045857,0.5,0.4937866038203772
2026-03-31 16:17:30.175295+00:00,2026-03-31 16:08:00+00:00,BTC/USDT,1m,66974.59,36.75468,0.000616882777332,5.345596549921616e-05,-0.0005099407294193,0.0003911555047109,0.2179943473094784,26.06888910381319,2.4534083854218296,,False,False,4.089956776434987,-1472.4184610418197,16.34324714136334,-727797.94904524,0.9481775486621622,True,1.9578204685070685e-06,1.9578204685070685e-06,0.0021437232632523,2.904611991476245e-09,3.5870574691017485e-07,1.8935228310147068,30777945604.18437,514.6465590412361,-84.29932707826366,0.6387040657869556,0.6364636448980039,gravity,normal,True,COHERENT,-1.670178980516135,-1.4527757566687984,-0.4628739690728654,-0.0008072035449914,0.1281338695298177,-1.0,ACTIVE,HIGH,4.351983696574691,0.15,0.2,2,1,0.0027029775632563,0.1551923155453739,0.1104586148935254,True,False,-0.9992795236298344,0.536405554556969,1.0019825011930907,-0.9999999999177588,-41.2899999999936,0.2944866975273408,False,True,True,TRANSITION,VACUUM,1,-1,V22_PREMIUM,66883.89,3,,state,0.4921046571471047,0.8246153846153846,0.08622901866531689,0.9000000000000001,0.525,0.5,0.5608835940096506,-0.3842671880193012,0.7692307692307692,0.8634615384615385,0.5,0.8209770826409318,0.5,0.49437888604484836
2026-03-31 16:18:25.367458+00:00,2026-03-31 16:09:00+00:00,BTC/USDT,1m,66974.1,6.5344,-7.316207534691088e-06,-7.316207534691088e-06,-6.077217303390725e-05,0.0004491685563854,0.2001472323082134,25.49757760038692,2.365987050868906,,False,False,4.09503322337319,796.998737124929,16.348287508682816,404987.62194921984,0.9484316652135498,True,3.1292772272665493e-06,3.1292772272665493e-06,0.0052373697075221,1.9919098096901618e-07,5.082577021428219e-07,1.7743559133959934,49027420630.9628,511.7067442027148,80.56465151899852,0.4500943915995344,0.4611877937335606,gravity,normal,True,COHERENT,-2.283570420523623,-1.474712418879389,-0.4614102259047197,-0.0140165004071605,0.1292615587630449,-1.0,ACTIVE,HIGH,3.045019954808408,0.15,0.2,2,1,-0.2006210007980104,0.0869297417022364,0.1439765139128825,False,False,-0.9992795236298344,0.5378692977251147,0.7986585228318239,-0.9999999633359448,0.4899999999906868,-0.0556625892454474,False,False,True,TRANSITION,VACUUM,1,-1,V22_PREMIUM,66883.89,4,,state,0.4298554975748445,0.6707692307692308,0.02855075417652674,0.8769230769230769,0.525,0.5,0.5024387952124978,-0.2673775904249956,0.9230769230769231,0.7000000000000001,0.5,0.9768298794333393,0.5,0.5742074698583348
2026-03-31 16:19:21.009017+00:00,2026-03-31 16:10:00+00:00,BTC/USDT,1m,66935.02,4.20331,-0.0005835091475659,-0.0005835091475659,-0.0005761929400313,-0.0005154207669973,-0.0894748940296473,26.244135852809453,2.502749363290879,,False,False,4.094835501608805,-2023.1967834843024,16.279680728698604,-993155.532540098,0.9481403568519468,True,8.905077701081632e-05,8.905077701081632e-05,0.0107582802944631,7.768022997501215e-07,2.76734256036558e-06,-0.2683286488463636,21223258677.275566,509.6406085129063,-86.10608964470032,0.6253989982299324,0.7104900795084892,gravity,criticality,True,COHERENT,-4.389086858265765,-1.133548260197812,0.4719959944595472,0.0239191432135262,0.1985376752083328,-1.0,ACTIVE,HIGH,4.905713559842968,0.15,0.2,2,1,-0.081364731691129,0.1844535753835587,0.1455017297474198,True,False,-0.9992795236298344,1.4712755180893815,0.9179147919387054,0.9999999999211058,39.08000000000175,0.3243398184338857,True,True,True,TRANSITION,VACUUM,1,-1,V22_PREMIUM,66883.89,5,,state,0.45302528166630085,0.8630769230769231,0.06715285499630702,0.8538461538461539,0.55,0.5,0.5490215563583289,-0.3730431127166579,0.8461538461538461,0.8096153846153846,0.5,0.8359425163777895,0.5,0.5165817829406012
2026-03-31 16:20:17.876729+00:00,2026-03-31 16:11:00+00:00,BTC/USDT,1m,66889.98,15.0315,-0.0006728914102066,-0.0006728914102066,-8.938226264065818e-05,0.0004868106773906,-0.357521227139872,26.465287886348303,2.457082019424485,,False,False,4.116988406072128,-1511.6915705994209,16.3755030044112,-729731.5164999273,0.9494583407111464,True,8.314460079821459e-05,8.314460079821459e-05,0.0098872919566731,6.046119004339132e-07,2.6280057778975697e-06,-2.5069128460309003,81707309192.58517,507.0524763994799,-84.11559392095661,0.7386978055718582,0.6790278673133433,gravity,normal,True,COHERENT,-6.510972414271522,-0.9433622818743892,0.9996961524512796,0.0146334487964322,0.0275438958448624,-1.0,ACTIVE,MID,1.0,0.3,0.3,2,1,0.9996961524512796,0.0,0.08,False,True,0.9996961524512796,0.0,0.0,-0.9999999994376716,-45.04000000000815,0.0394831311856616,False,False,True,ANTI_PHASE,NONE,0,0,,,0,,state,0.4155166467488226,0.7784615384615384,0.13671678567171558,0.8307692307692307,0.5750000000000001,0.5,0.5296943718456553,-0.34688874369131056,0.9230769230769231,0.9,0.5,0.8708150084115859,0.5,0.5077037521028965
2026-03-31 16:22:09.565673+00:00,2026-03-31 16:12:00+00:00,BTC/USDT,1m,66795.2,11.71159,-0.0014169536304241,-0.0014169536304241,-0.0007440622202175,-0.0006546799575768,-0.8661392197953005,24.54274407418922,2.1339983493846573,,False,False,4.091675218789248,179.89673030203005,16.35754486338648,86678.47572722763,0.948315982237838,True,8.256965736138545e-09,8.256965736138545e-09,0.0022222418552293,1.8174174985364002e-07,3.019074720416689e-09,-7.120584602220333,46321699552.67516,502.8288501137424,70.74665876376424,0.1897385190999253,0.086708430732826,gravity,normal,True,COHERENT,-0.283964988150533,-1.6884264692030322,0.2205578872571968,0.0441241351949133,0.3802248594939216,1.0,ACTIVE,LOW,0.0,0.4,0.35,3,2,0.804911586152759,0.1947845662985207,0.08,True,False,0.9996961524512796,0.7791382651940829,0.1947845662985207,0.9999999998901532,-94.77999999999884,-0.0960497731892404,True,False,True,TRANSITION,NONE,0,0,,,0,,state,0.3911774288529377,0.4323076923076923,0.07402491755232853,0.8307692307692307,0.45,0.5,0.44497501792300675,-0.11495003584601352,0.15384615384615385,0.7076923076923077,0.5,1.0,0.5,0.563076923076923
2026-03-31 16:23:34.656574+00:00,2026-03-31 16:14:00+00:00,BTC/USDT,1m,66931.28,4.65192,0.0020372721393153,0.0007561223557583,-0.000524059453713,-0.0032211948936086,-0.0424416701966413,25.582275509595085,2.3570325674634973,,False,False,4.106935224140696,-804.8247373637721,16.400518428515458,-380421.0129439074,0.9491282430123784,True,6.009079306199589e-06,6.009079306199589e-06,0.0031888408411115,1.324914572948036e-07,7.171172268826549e-07,0.1638879102247301,42559293684.98875,500.7182673760177,-79.8958066015021,0.5465194916783629,0.4672865289319953,gravity,normal,True,COHERENT,-1.99225225063638,-1.2187517899283216,0.9982916989571008,0.0266963340921075,0.3013729027074504,1.0,EXTREME,LOW,0.0,0.4,0.35,3,2,0.4149913401821727,0.1944334529249759,0.08,True,False,0.2205578872571968,0.777733811699904,0.1944334529249759,-0.9999999997242912,136.08000000000175,-0.0266535501404154,False,False,True,UNDEFINED,NONE,0,0,,,0,,state,0.45360152955993926,0.7346153846153847,0.14011306458422104,0.7384615384615385,0.6000000000000001,0.48484848484848486,0.513321770982047,-0.32664354196409406,0.23076923076923073,0.6,0.5,0.8978086107145412,0.5151515151515151,0.5967248799513626
2026-03-31 16:24:31.762182+00:00,2026-03-31 16:15:00+00:00,BTC/USDT,1m,66947.06,3.31647,0.0002357642047186,0.0002357642047186,-0.0005203581510397,3.701302673242424e-06,0.0425936970647053,23.4191754351894,2.0582134642908154,,False,False,4.10561758526736,-59.77506098339667,16.405099966498646,-52025.86939526714,0.9490937292338584,True,1.459854415576828e-06,1.459854415576828e-06,0.0025889999887432,6.470766577779608e-08,3.454582536092264e-07,0.944699170795502,15933685976.049995,498.15894149517953,-67.469351131882,0.0661016951889599,0.0850812633990361,gravity,normal,True,COHERENT,-1.7254526245655084,-1.3295396789657143,-0.9999999080826696,-0.0631192638813682,0.2332937805456069,-1.0,EXTREME,HIGH,4.989369295425619,0.15,0.2,2,1,0.4987187971971583,0.4995729017599425,0.08,True,False,0.9982916989571008,1.9982916070397705,0.4995729017599425,-0.9999999998011532,15.779999999998836,-0.3186944257731294,False,True,True,DISSIPATION,NONE,0,0,,,0,,state,0.3801804873390698,0.49230769230769234,0.23791354679670923,0.676923076923077,0.5750000000000001,0.4852941176470589,0.45205568326603857,-0.19161136653207705,0.07692307692307687,0.6807692307692308,0.5,1.0,0.5147058823529411,0.5970135746606334
2026-03-31 16:25:28.950030+00:00,2026-03-31 16:16:00+00:00,BTC/USDT,1m,66995.38,30.89283,0.0007217643313985,0.0007217643313985,0.0004860001266799,0.0010063582777197,0.299754065144277,25.774866051223427,2.298176037482763,,False,False,4.090561645194935,-545.0293088579795,16.333742749295503,-257904.8416872112,0.94816884120582,True,5.486545281639511e-06,5.486545281639511e-06,0.0035954471165652,2.1613971363845206e-07,7.023279068509581e-07,3.313475545422989,82666368981.46452,495.6289168340599,-77.35189680647855,0.585859700134056,0.4092682989507026,gravity,normal,True,COHERENT,-2.70138739067754,-1.5872877612508811,-0.999898265949482,-0.0137900183553072,0.1307568173695765,-1.0,EXTREME,HIGH,3.343759077048235,0.15,0.2,2,1,-0.9999744975493726,2.541053329685461e-05,0.08,False,True,-0.9999846617626912,8.639581320935008e-05,1.016421331867523e-05,-0.9999999996065588,48.320000000006985,-0.0526009104125044,False,False,True,ANTI_PHASE,NONE,0,0,,,0,,state,0.31769873084087863,0.6653846153846154,0.147959401440255,0.5846153846153845,0.45,0.48571428571428577,0.4438163951240601,-0.11263279024812026,0.0,0.75,0.5,1.0,0.5142857142857142,0.5546428571428572
2026-03-31 16:26:25.465619+00:00,2026-03-31 16:17:00+00:00,BTC/USDT,1m,67017.38,12.34107,0.0003283808525305,0.0003283808525305,-0.000393383478868,-0.000879383605548,0.3884712095606428,24.67991430107753,2.240671187640773,,False,False,4.101894970440015,-358.4234591010503,16.366562751887514,-174807.2165807618,0.9487793739919104,True,1.6347846789952527e-05,1.6347846789952527e-05,0.0043331928965166,1.836084503621725e-09,1.1793725409337115e-06,4.247811380337225,18627706396.447346,493.23719203947775,-74.87935944805159,0.2584099983866403,0.3294295618380418,gravity,normal,True,COHERENT,-1.1517484196042052,-1.5939824851422553,-0.9999843683815876,-0.0225789813200389,0.2053721717095495,1.0,ACTIVE,LOW,0.0,0.4,0.35,3,2,-0.9999197915575084,2.152560802637371e-05,0.08,False,False,-0.999898265949482,8.610243210560586e-05,2.152560802637371e-05,0.9999999998018878,-22.0,-0.229438465556703,True,False,True,LATENT_DISLOCATION,NONE,1,-1,V22_PREMIUM,66995.38,1,,state,0.33841403085722443,0.5015384615384615,0.10701646765795013,0.5538461538461539,0.5,0.48611111111111116,0.4055683710253918,-0.061136742050783566,0.0,0.6057692307692308,0.5,1.0,0.5138888888888888,0.6006410256410255
2026-03-31 16:27:22.483089+00:00,2026-03-31 16:18:00+00:00,BTC/USDT,1m,67041.42,7.642,0.0003587129189472,0.0003587129189472,3.033206641678277e-05,0.0004237155452848,0.5118256004997565,23.55195717963968,2.102383152598631,,False,False,4.088908149074571,-140.24535145138947,16.339179449287737,-70093.11306623125,0.9481128299844148,True,2.7268127582606763e-06,2.7268127582606763e-06,0.0017908875920717,4.557822769492214e-07,4.5102183347245973e-07,5.237561017158441,6393586936.309729,524.1513367087555,-69.88767126962564,0.0714904043065015,0.0963133082035765,gravity,normal,True,COHERENT,-0.4382830162191299,-1.7860371910708417,-0.9999949685784468,-0.0143654827708092,0.0594102168333475,-1.0,EXTREME,LOW,0.0,0.4,0.35,3,2,-0.9999506939672578,1.4758203729647867e-05,0.08,False,False,-0.9999327069223242,6.226165612277512e-05,1.7987044933609475e-05,0.9999999997121068,-24.0399999999936,-0.1444888026092567,True,False,True,LATENT_DISLOCATION,NONE,1,-1,V22_PREMIUM,66995.38,2,,state,0.35908325695582144,0.5269230769230769,0.15869404297547585,0.6153846153846154,0.525,0.4864864864864865,0.43288884999920607,-0.12827769999841215,0.07692307692307687,0.6673076923076923,0.5,1.0,0.5135135135135135,0.5902001039501039
2026-03-31 16:28:19.308575+00:00,2026-03-31 16:19:00+00:00,BTC/USDT,1m,67009.7,12.45083,-0.000473140336228,-0.000473140336228,-0.0008318532551753,-0.0008621853215921,0.2546666231099073,24.37235768835768,2.2237714323857456,,False,False,4.101133270523262,-305.13136423502453,16.3786217896307,-156735.22187437624,0.948796866873274,True,4.842945293587269e-06,4.842945293587269e-06,0.003133225859112,4.771401678359946e-08,6.39024542119037e-07,3.3897019073629053,9392177525.57573,520.3133227824226,-74.84047288603222,0.1948156722938125,0.2633755637781437,gravity,normal,True,COHERENT,-1.0876377725628337,-1.5996968615866145,-0.9986420272762756,-0.0097025916650484,0.2415252994919556,-1.0,EXTREME,HIGH,7.036313626256877,0.15,0.2,2,1,-0.9996318287841102,0.0003299338359448,0.08,False,True,-0.9999576115847733,0.0013155843084976,0.000325782800663,-0.9999999995413636,31.720000000001164,-0.0687382264206357,False,False,True,ANTI_PHASE,NONE,1,-1,V22_PREMIUM,66995.38,3,,state,0.27562581878665565,0.5961538461538461,0.17917220546350401,0.6153846153846154,0.47500000000000003,0.48684210526315785,0.42903127337044056,-0.09556254674088113,0.07692307692307687,0.6788461538461538,0.5,1.0,0.5131578947368421,0.5772621457489879
2026-03-31 16:29:16.346495+00:00,2026-03-31 16:20:00+00:00,BTC/USDT,1m,67019.24,7.31493,0.0001423674482949,0.0001423674482949,0.000615507784523,0.0014473610396983,0.2693291328694179,25.56965729986872,2.333807882450272,,False,False,4.074114768853914,-685.5905260182725,16.242699195953506,-326347.18595102907,0.947076459414914,True,3.343088855852536e-05,3.343088855852536e-05,0.004898933030352,3.165953293949407e-07,1.6646228795570178e-06,3.6972455961076776,58374864606.025406,518.0682948495379,-79.37409258800395,0.5173753006394954,0.4635764840314298,gravity,normal,True,COHERENT,-0.4661634137194773,-1.6281101143633725,0.9992084860006312,0.0171351642688362,0.3096807374789969,1.0,EXTREME,HIGH,8.383231197552057,0.15,0.2,2,1,-0.4997361623052059,0.4996482161019456,0.2622046790504634,True,False,-0.9999576115847733,1.9991660975854044,0.5002214492795674,0.9999999945923,-9.540000000008147,-0.0193838050688235,True,True,True,BREAKOUT,NONE,1,-1,V22_PREMIUM,66995.38,4,,state,0.3131105790981349,0.7000000000000001,0.33847517320161163,0.4615384615384615,0.45,0.4871794871794872,0.4600745617804165,-0.145149123560833,0.15384615384615385,0.7423076923076922,0.5,1.0,0.5128205128205128,0.5563461538461538
2026-03-31 16:30:13.737421+00:00,2026-03-31 16:21:00+00:00,BTC/USDT,1m,67031.41,4.12458,0.0001815896450034,0.0001815896450034,3.9222196708488255e-05,-0.0005762855878145,0.3045928648144879,25.10415180887746,2.2596481247579034,,False,False,4.11640608118868,413.3752995762875,16.455949844379045,199101.31027556225,0.9497467296572132,True,4.878594020729182e-09,4.878594020729182e-09,0.0019990437410078,2.191537174845924e-07,8.19983578470196e-08,4.1208915013558,46339271205.844185,513.0735678940027,76.16669594646494,0.2822082666634314,0.2564546627335713,gravity,normal,True,TENSIONED,0.7469197246975449,-1.6245093186374375,0.9999894341403184,0.0660347042872531,0.23675323646456,1.0,EXTREME,MID,1.0,0.3,0.3,2,1,0.9999894341403184,0.0,0.08,False,True,0.9999894341403184,0.0,0.0,-0.9999999993380976,12.169999999998254,-0.1241410739631714,False,False,True,ANTI_PHASE,NONE,0,0,,,0,,state,0.2999678149527027,0.6278846153846154,0.7887289177363268,0.43846153846153846,0.55,0.48750000000000004,0.5065224452447785,-0.28804489048955706,0.3846153846153846,0.7923076923076924,0.5,0.9492734793472573,0.5125,0.5511164467598912
2026-03-31 16:32:34.294483+00:00,2026-03-31 16:22:00+00:00,BTC/USDT,1m,66991.98,6.56096,-0.0005882316961557,-0.0005882316961557,-0.0007698213411592,-0.0008090435378677,0.0287595415395501,26.19147340819403,2.472352021421859,,False,False,4.129250225408049,1643.4214146018703,16.411626127207544,803011.273777056,0.9501017443371508,True,0.0001163149496774,0.0001163149496774,0.0102756168105014,3.5825311934013465e-08,3.451634782100422e-06,1.9433023514138767,37079929924.10837,504.9354905229735,84.65503913384568,0.7197499127100676,0.6878313557244783,gravity,normal,True,TENSIONED,3.800704397322182,-1.3593397126732278,-0.9998390566185464,-0.056451575921273,0.1866189758700866,-1.0,EXTREME,LOW,0.0,0.4,0.35,3,2,0.5000323114506021,0.4999571226897161,0.08,True,False,0.9999894341403184,1.9998284907588648,0.4999571226897161,-0.9999999992578058,-39.43000000000757,0.034170842769257,False,True,True,UNDEFINED,NONE,0,0,,,0,,state,0.23752622884971036,0.8509615384615385,0.2994130728079726,0.43846153846153846,0.525,0.4878048780487805,0.46220627610735704,-0.1869125522147142,0.5384615384615384,0.8480769230769231,0.5,1.0,0.5121951219512195,0.5448100375234521
2026-03-31 16:34:27.717777+00:00,2026-03-31 16:24:00+00:00,BTC/USDT,1m,67185.11,12.84233,0.0028828823987587,0.0021479357964091,0.0014145644286722,9.296136477965344e-05,1.2137685945770291,24.88990390199903,2.432655757648212,,False,False,4.076080300607309,1233.9019370525189,16.29175918614357,635661.8734966356,0.9473547550952014,True,3.5840140588424643e-06,3.5840140588424643e-06,0.000293082876914,4.218782560026112e-08,5.566111064828851e-07,11.287505249551032,10641172745.18813,497.9864174032232,83.0151107642454,0.2505304789031626,0.5975566644348423,gravity,normal,True,TRANSITION_EDGE,23.37558626023109,-2.566800025369828,-0.9997935514604764,-0.149248238674396,0.6819435304387998,-1.0,EXTREME,LOW,0.0,0.4,0.35,3,2,-0.9998276803290288,1.1376289517528448e-05,0.08,False,False,-0.9998390566185464,4.550515806989175e-05,1.1376289517528448e-05,-0.999999999777058,-193.13000000000463,0.0232251467321429,False,False,True,LATENT_DISLOCATION,NONE,1,-1,V22_PREMIUM,66991.98,1,,state,0.23753267749460566,0.7371153846153846,0.6260844361257044,0.43846153846153846,0.6000000000000001,0.48809523809523814,0.4885119520086243,-0.27702390401724863,0.5384615384615384,0.8307692307692307,0.5,0.9639681279770018,0.5119047619047619,0.5550854385876571
2026-03-31 16:35:25.126367+00:00,2026-03-31 16:26:00+00:00,BTC/USDT,1m,67131.34,12.55453,-0.0008003261436947,-0.0004584428754718,-0.0001164028014137,0.0023735730690533,0.731571442465662,26.337244863831025,2.4147351373293664,,False,False,4.095553145664177,-1153.5681161162818,16.368024384613676,-561747.1694965474,0.9485111156236784,True,1.970179973766812e-06,1.970179973766812e-06,0.0014159729772544,9.707306255199028e-09,3.9873534759571387e-07,7.555968778367969,73665897878.04848,499.67026760915047,-82.29174440391387,0.7184513166363551,0.6028242840607331,gravity,normal,True,TENSIONED,14.12157427662963,-1.6582715502166148,0.6845052178349637,4.6576306903232085e-05,0.024127988394933,1.0,EXTREME,LOW,0.0,0.4,0.35,3,2,-0.5787380566251772,0.4210810914867136,0.08,True,False,-0.9998390566185464,1.68434427445351,0.4211009999933692,0.99999999995656,53.77000000000408,0.4281243862790385,True,True,True,UNDEFINED,NONE,1,-1,V22_PREMIUM,66991.98,2,,state,0.3276702863546781,0.8125,0.3530863217514476,0.43846153846153846,0.5750000000000001,0.4883720930232558,0.4852427738764314,-0.2579855477528627,0.8461538461538461,0.8788461538461537,0.5,0.989352602996183,0.5116279069767442,0.5443707983340189
2026-03-31 16:36:22.075295+00:00,2026-03-31 16:27:00+00:00,BTC/USDT,1m,67139.27,6.85247,0.0001181266454686,0.0001181266454686,0.0005765695209404,0.0006929723223542,0.709369511670303,25.53147504896675,2.227282539168511,,False,False,4.086954755614094,400.72911571761904,16.318121223104807,160808.7271519694,0.9479445972216508,True,8.851745236532282e-06,8.851745236532282e-06,0.0030706899614847,2.00257079116399e-07,7.955992203457363e-07,7.574695849543787,96104656595.2022,497.96984885184986,74.47585539642664,0.4538571802810317,0.2945029507851752,gravity,normal,True,TENSIONED,16.529584688300748,-1.6948041060731602,-0.9996688041143144,-0.0099137733211165,0.2033913196805096,-1.0,EXTREME,HIGH,5.624143987310527,0.15,0.2,2,1,-0.4471126295361851,0.1841853915260431,0.2521481736807167,False,False,-0.9998390566185464,0.0001702525042319,0.5527264270823613,0.9999999995315912,-7.930000000007567,-0.2692166324519074,True,False,True,CONTINUATION,VACUUM,1,-1,V22_PREMIUM,66991.98,3,,state,0.3276801477329623,0.6548076923076924,0.3285584506570586,0.5307692307692308,0.45,0.48863636363636365,0.4639398185178134,-0.15287963703562682,0.9230769230769231,0.6692307692307692,0.5,1.0,0.5113636363636364,0.5743968531468532
2026-03-31 16:37:18.017567+00:00,2026-03-31 16:28:00+00:00,BTC/USDT,1m,67139.28,4.93231,1.4894412747601393e-07,1.4894412747601393e-07,-0.0001179777013411,-0.0006945472222815,0.6577722230552843,27.005503548796725,2.479660104514326,,False,False,4.059929800574749,-1849.7267623143707,16.2222044910484,-873122.5426554887,0.946378497738362,True,1.4387161004438413e-06,1.4387161004438413e-06,0.0026428834194086,2.8283432272500665e-08,3.0349157091957216e-07,7.196463250249508,111810605510.13664,493.0640405032026,-84.85141924991889,0.8490278790295517,0.6915750034315721,gravity,singularity_extreme,True,TENSIONED,5.583783756982254,-1.674571166644172,-0.9999921289512216,-0.0939156341018591,0.2908268357361268,1.0,ACTIVE,HIGH,4.499844314662858,0.15,0.2,2,1,-0.6889367871233434,0.103685113942626,0.2178175024626587,False,False,-0.9998390566185464,0.0001530723326751,0.310902269495203,-0.999999374098227,-0.0099999999947613,0.1597693787939214,False,False,True,ANTI_PHASE,NONE,1,-1,V22_PREMIUM,66991.98,4,,state,0.2901802482123693,0.8717307692307692,0.2821417604058799,0.4769230769230769,0.55,0.48888888888888893,0.48297316372081195,-0.2409463274416238,0.9230769230769231,0.8384615384615384,0.5,1.0,0.5111111111111111,0.5520512820512822
2026-03-31 16:38:15.090040+00:00,2026-03-31 16:29:00+00:00,BTC/USDT,1m,67096.25,7.55989,-0.0006409064857412,-0.0006409064857412,-0.0006410554298686,-0.0005230777285275,0.2873693122738601,24.869110468978,2.257499183875092,,False,False,4.085572578681108,439.50579434171465,16.318315791320543,197058.98087258736,0.9478900546706458,True,4.031558760205557e-06,4.031558760205557e-06,0.0029713138698707,1.4262795028102061e-08,5.397654533469785e-07,4.685150507939397,31227920700.472687,489.2926490703267,75.52490690590427,0.2873085071701714,0.3068626694803135,gravity,normal,True,TENSIONED,1.4977367516984426,-1.411041211207638,-0.9999516044219252,-0.0121542362732987,0.0940487517234687,-1.0,EXTREME,MID,1.0,0.3,0.3,2,1,-0.9999516044219252,0.0,0.08,False,True,-0.9999516044219252,0.0,0.0,-0.9999999998995596,-43.02999999999884,0.2313766138649353,False,False,True,ANTI_PHASE,NONE,0,0,,,0,,state,0.2901393239198516,0.6894230769230769,0.24197054811399937,0.7307692307692308,0.42500000000000004,0.48913043478260865,0.478613021892715,-0.16972604378542988,0.9230769230769231,0.6923076923076923,0.5,1.0,0.5108695652173914,0.5635535117056857
2026-03-31 16:41:34.326980+00:00,2026-03-31 16:31:00+00:00,BTC/USDT,1m,67067.35,4.03008,-0.0004307245188813,-0.0002131730510502,4.424802779179338e-06,-0.0004188838291325,0.1114891802673734,24.59791502222252,2.017177115917052,,False,False,4.082218441828705,-128.82295998372723,16.297364282812282,-39652.2768445259,0.9476554654486176,True,9.36519241200597e-06,9.36519241200597e-06,0.0031751868622655,2.1258592694049418e-07,8.686743616319009e-07,2.8197797459579306,143141096971.3837,477.6535830432293,-65.33786686707171,0.1669154851727579,0.0380652078819135,gravity,normal,True,COHERENT,-3.172488787281861,-1.188112584983775,-0.9998148339399764,-0.0372987512205958,0.1818645436163974,1.0,ACTIVE,LOW,0.0,0.4,0.35,3,2,-0.999917411801438,3.4192620487205616e-05,0.08,False,False,-0.9999516044219252,0.0001367704819489,3.4192620487205616e-05,0.9999999999206628,-28.89999999999418,-0.4361384711610956,True,False,True,LATENT_DISLOCATION,NONE,0,0,,,0,,state,0.22766984527161438,0.4784615384615385,0.12804657002207287,0.7384615384615385,0.47500000000000003,0.4893617021276596,0.40492641081466785,-0.04735282162933571,0.8461538461538461,0.5096153846153847,0.5,1.0,0.5106382978723404,0.619191898527005
2026-03-31 16:44:25.305233+00:00,2026-03-31 16:33:00+00:00,BTC/USDT,1m,67116.87,3.84745,0.0007383622582373,0.0002062500009314,-0.0003257525308517,-0.0010709281136852,0.3498634112512577,24.05796664680125,2.147977112536801,,False,False,4.092961624922273,87.41631823684565,16.350247274575988,94726.5589316733,0.9483187427333936,True,8.204051458545068e-06,8.204051458545068e-06,0.0010195124084887,5.5004199543647776e-08,8.016319035949668e-07,4.931653412611922,38946530854.636505,467.7652488521333,70.47254556350859,0.1120908473603291,0.1449118426487659,gravity,normal,True,COHERENT,-2.9161325983701785,-1.5379980153288138,0.9998967648861756,0.1414324804013622,0.2559151296798818,1.0,EXTREME,LOW,0.0,0.4,0.35,3,2,-0.4998869342334382,0.499927899706538,0.08,True,False,-0.9998148339399764,1.999711598826152,0.499927899706538,-0.9999999999330748,49.51999999998952,-0.3017377666304233,False,True,True,UNDEFINED,NONE,0,0,,,0,,state,0.2276669493462666,0.6076923076923078,0.20635342351942376,0.4307692307692308,0.47500000000000003,0.48958333333333337,0.3964194303516597,-0.030338860703319454,0.6153846153846154,0.4403846153846154,0.5,1.0,0.5104166666666666,0.6364663461538461
2026-03-31 16:45:22.355252+00:00,2026-03-31 16:35:00+00:00,BTC/USDT,1m,66979.77,9.02343,-0.0020427055075719,-0.0007791800930898,0.0004853306029541,0.0019560912999296,-0.5782016965480261,24.18071118028201,2.198155587091999,,False,False,4.092410444209489,-262.4088660436109,16.35281916623292,-132656.2316674771,0.948325334154916,True,9.013047159398988e-07,9.013047159398988e-07,0.0025998076991889,6.885336954793581e-08,3.538072689347532e-07,-2.191999179267441,15421115355.697952,464.8892945906896,-72.47108580011403,0.2004860704467833,0.2604257386094572,gravity,normal,True,COHERENT,-4.887674689311913,-0.98400229747304,-0.9997145353216612,-0.0354135907320717,0.1065519849891599,1.0,ACTIVE,HIGH,2.8248644779669703,0.15,0.2,2,1,0.4999939398342164,0.4999028250519592,0.08,True,False,0.9998967648861756,1.999611300207837,0.4999028250519592,0.9999999999668516,-137.09999999999127,-0.2200386058620043,True,True,True,CONTINUATION,NONE,0,0,,,0,,state,0.2651708406222566,0.5823076923076923,0.02288191811543091,0.46153846153846156,0.55,0.4897959183673469,0.37786628515702325,-0.030732570314046526,0.5384615384615384,0.675,0.5,1.0,0.5102040816326531,0.592780612244898
2026-03-31 16:46:18.391408+00:00,2026-03-31 16:36:00+00:00,BTC/USDT,1m,67032.63,13.51618,-0.0012551240843023,0.0007891935132056,0.0015683736062954,0.0010830430033412,-0.273969031194639,22.44115441375854,1.8760115284923224,,False,False,4.089390172074492,-2.985797606707621,16.332305940734756,-15455.602748742736,0.9481008450750912,True,8.476796743182961e-06,8.476796743182961e-06,0.002090841631617,2.98544013194505e-08,1.0562132783415405e-06,0.5606012325879419,51404833997.48667,461.85709323604686,-59.20025810453375,0.0116214946551531,0.0119335004060693,compound,normal,True,COHERENT,-5.626771078150118,-0.9162182547540252,-0.4252136284040566,-0.0978654684357758,0.3773772514685589,1.0,ACTIVE,HIGH,4.26871896293784,0.15,0.2,2,1,-0.8560893085922602,0.1436252267294011,0.08,True,False,-0.9997145353216612,0.5745009069176047,0.1436252267294011,0.9999999999784918,-84.23999999999069,-0.551918561921344,True,False,True,TRANSITION,NONE,0,0,,,0,,state,0.32062646321318633,0.46307692307692305,0.7157059901193773,0.5615384615384615,0.5750000000000001,0.49,0.486858668167357,-0.26121733633471406,0.46153846153846156,0.6115384615384616,0.5,0.9850435515537145,0.51,0.6098762725038132
2026-03-31 16:48:08.402671+00:00,2026-03-31 16:37:00+00:00,BTC/USDT,1m,67136.4,7.8001,0.0015480520456976,0.0015480520456976,0.000758858532492,-0.0008095150738034,0.4659310978681621,25.64668397684587,2.3487353176873405,,False,False,4.092604017704439,759.1043840479743,16.358090165078117,362132.0946118744,0.9483504923554836,True,8.164414265514052e-07,8.164414265514052e-07,0.0017574914014062,1.5324674472195998e-08,3.690660594492793e-07,5.720961721759522,44085607419.90904,459.5405860042924,78.49330431632013,0.5252264089122646,0.4914350342588501,gravity,normal,True,COHERENT,-2.7913062462843063,-1.648596555413253,-0.1371797452710637,-0.0179202013311448,0.1272777249764624,-1.0,ACTIVE,HIGH,4.323112421857225,0.15,0.2,2,1,-0.3532051576208084,0.0720084707832482,0.08,False,False,-0.4252136284040566,0.2880338831329928,0.0720084707832482,0.9999999999665664,103.76999999998952,0.2882331633951502,True,False,True,TRANSITION,NONE,0,0,,,0,,state,0.2949488081163105,0.7246153846153847,0.2900393807044455,0.6307692307692307,0.45,0.4901960784313726,0.47933059028104913,-0.18366118056209838,0.46153846153846156,0.7596153846153846,0.5,1.0,0.5098039215686274,0.551566742081448
2026-03-31 16:56:07.792090+00:00,2026-03-31 16:42:00+00:00,BTC/USDT,1m,67997.16,110.48079,0.0128210627915708,0.0001294339207476,-0.004382334841241,-0.0062845898695822,4.187282676059729,25.11647763072194,2.236874372906817,,False,False,4.107392864878719,360.3776008707755,16.308723435645373,167542.51624569157,0.9488062386103197,True,0.0001143389166127,0.0001143389166127,0.0141717784221113,7.9081704684038e-07,5.4251652533027535e-06,42.81344453454949,63267047999.90649,443.7616608356505,73.34728137186319,0.3048936455615231,0.2468231814127811,gravity,normal,True,TRANSITION_EDGE,2.6533876822877995,-3.9617200267409736,0.9982718242810772,0.1222587256642956,0.1893350621132569,1.0,EXTREME,HIGH,5.447553803684164,0.15,0.2,2,1,0.1466831471169714,0.2838628923880352,0.08,True,False,-0.1371797452710637,1.135451569552141,0.2838628923880352,-0.9999999999937867,860.7600000000093,-0.1869800452887875,False,False,True,UNDEFINED,NONE,0,0,,,0,,state,0.3198844527625657,0.5832692307692308,0.5513229515493501,0.6307692307692307,0.6000000000000001,0.4903846153846154,0.49653494053842856,-0.29306988107685705,0.23076923076923073,0.7557692307692307,0.5,0.9425734918975239,0.5096153846153846,0.568143372974381
2026-03-31 16:57:32.415247+00:00,2026-03-31 16:48:00+00:00,BTC/USDT,1m,67579.7,28.77668,-0.0061393740562106,-0.0003921237412954,0.0002658145629826,-0.0018954455110882,1.1474412731411976,27.145214304397253,2.472908405277596,,False,False,4.128120859443921,1770.0642705852365,16.416145883794336,808364.0013654317,0.9500988597011945,True,6.852975779040873e-05,6.852975779040873e-05,0.0121521307970371,3.482270994889776e-06,4.600419999369748e-06,13.38833434865228,222133248756.9044,439.6804581571242,82.81801075726567,0.8582188137707688,0.6714205538097725,gravity,singularity_extreme,True,TENSIONED,0.2845368244460951,-2.917749602330186,0.032414283888657,0.0065404295421186,0.233414124106713,1.0,ACTIVE,HIGH,6.222681182900029,0.15,0.2,2,1,0.7568074391829722,0.2414643850981049,0.08,True,False,0.9982718242810772,0.96585754039242,0.2414643850981049,0.9999999998654132,-417.4600000000064,-0.0177984849407022,True,False,True,TRANSITION,NONE,0,0,,,0,,state,0.3896471414256302,0.7755769230769232,0.1795200772257593,0.6692307692307693,0.5750000000000001,0.49056603773584906,0.5024813063742337,-0.29246261274846747,0.15384615384615385,0.8653846153846154,0.5,0.9433831830020433,0.5094339622641509,0.5359147362439796
2026-03-31 17:08:53.495781+00:00,2026-03-31 16:58:00+00:00,BTC/USDT,1m,67602.92,11.80036,0.0001759109159897,0.0001759109159897,0.0005103108980052,0.0006795348152007,0.3381194205833278,26.735530090035883,2.4919745447598123,,False,False,4.071437538031533,1968.904762350308,16.28081239901594,945929.5283231094,0.9471128560311164,True,6.301747164017821e-07,6.301747164017821e-07,0.0001342799625646,1.2269367892548998e-07,4.17826151287325e-07,7.589782980998279,71877599315.95602,413.848636828082,82.94363716898646,0.821703045630258,0.6999083746802555,gravity,singularity,True,COHERENT,-2.0639852428371093,-1.417419544261395,-0.1040710113744696,-0.0055922792888703,0.1939374459535205,1.0,ACTIVE,MID,1.0,0.3,0.3,2,1,-0.1040710113744696,0.0,0.08,False,True,-0.1040710113744696,0.0,0.0,-0.9999999996718852,-11.889999999999418,0.2563257948410844,False,False,True,TRANSITION,NONE,0,0,,,0,,state,0.41764340996263205,0.8476923076923076,0.21531515849066016,0.6692307692307693,0.5,0.4907407407407407,0.5293163883725192,-0.3086327767450383,0.07692307692307687,0.7442307692307693,0.5,0.9218229643399489,0.5092592592592593,0.5457869376661838
2026-03-31 17:09:20.963672+00:00,2026-03-31 17:00:00+00:00,BTC/USDT,1m,67696.48,29.14216,0.0004529612656785,0.0004529612656785,-0.000477619839398,-0.0012322900284849,0.806558743168613,25.22671379795492,2.4513383160409297,,False,False,4.098266918968592,-1327.9269898080345,16.30546462007537,-705221.0105293477,0.9483860860289312,True,7.455773926964687e-05,7.455773926964687e-05,0.0091638076554376,1.6523661046073316e-08,4.9370764524794e-06,11.370401995023713,14043785952.833103,412.9539720136532,-81.14442853317713,0.4825174947446626,0.6771433969506151,gravity,normal,True,COHERENT,0.1425046584935831,-1.8918474072676188,0.9973899976059892,0.0026967622827999,0.1049049686500522,-1.0,ACTIVE,LOW,0.0,0.4,0.35,3,2,0.171294240870645,0.2753652522451147,0.08,True,False,-0.1040710113744696,1.1014610089804588,0.2753652522451147,0.9999999998296172,30.64999999999418,0.1914889640337311,True,False,True,UNDEFINED,NONE,0,0,,,0,,state,0.4800560609467363,0.7592307692307693,0.25022869825180505,0.5923076923076923,0.47500000000000003,0.49090909090909096,0.5209679003940353,-0.2794358007880706,0.0,0.6384615384615384,0.5,0.9607522656159059,0.509090909090909,0.5769363181522282
2026-03-31 17:10:17.390536+00:00,2026-03-31 17:01:00+00:00,BTC/USDT,1m,67712.86,23.66611,0.0002419623590474,0.0002419623590474,-0.000210998906631,0.000266620932767,0.817590144019496,25.063659402037885,2.3552130181496644,,False,False,4.110430074284085,679.7531931068013,16.394641020399533,373918.4775484669,0.9492655303021652,True,1.4432823295613495e-05,1.4432823295613495e-05,0.0063929785819226,1.9232030691218026e-06,2.0519093801639508e-06,11.620888296412886,17073345801.155724,411.05706277067975,77.26231894480046,0.3413821933077112,0.4752321510907123,gravity,normal,True,COHERENT,-1.4363007945384805,-1.934362340533352,0.9999877778753788,0.2445577233384078,0.4689373304759733,-1.0,ACTIVE,LOW,0.0,0.4,0.35,3,2,0.9980394426733368,0.0006494450673474,0.08,False,False,0.9973899976059892,0.0025977802693895,0.0006494450673474,-0.9999999991983708,16.380000000004657,-0.0761575017620095,False,False,True,LATENT_DISLOCATION,NONE,0,0,,,0,,state,0.4800589051164247,0.7400000000000001,0.23514647287808044,0.6076923076923078,0.45,0.4910714285714286,0.5172084005075215,-0.25941680101504294,0.0,0.6519230769230769,0.5,0.9874442653132761,0.5089285714285714,0.5752195828118355
2026-03-31 17:12:11.105354+00:00,2026-03-31 17:02:00+00:00,BTC/USDT,1m,67825.42,32.02698,0.0016623134807773,0.0016623134807773,0.0014203511217298,0.0016313500283609,1.165682947478228,26.924150829252618,2.4872611549094383,,False,False,4.096135093510411,1886.2177315183555,16.359390823207804,908499.1269846396,0.9485133721237728,True,3.028676769674233e-06,3.028676769674233e-06,0.0036374976702478,6.11012006618377e-08,1.0463726231024236e-06,16.667965948290657,126324631370.6136,409.7633800475649,82.56449151944084,0.782239869576293,0.7020115044101914,gravity,normal,True,TENSIONED,2.2549159739248505,-2.875488377745423,-0.9987341178628786,-0.043024371160093,0.4826253854636167,-1.0,EXTREME,HIGH,6.54456480301798,0.15,0.2,2,1,0.5003073039408144,0.4996804739345644,0.08,True,False,0.9999877778753788,1.998721895738257,0.4996804739345644,-0.9999999998832328,-112.55999999999769,0.0760843108944064,False,True,True,DISSIPATION,NONE,0,0,,,0,,state,0.4425895431648225,0.8663461538461539,0.39131818134994373,0.6076923076923078,0.45,0.49122807017543857,0.5565752074606338,-0.33815041492126763,0.0,0.8173076923076924,0.5,0.8824661134383098,0.5087719298245614,0.5076053947563386
2026-03-31 17:13:35.567948+00:00,2026-03-31 17:04:00+00:00,BTC/USDT,1m,67795.95,47.40483,-0.0004344978623058,-0.0004066435350681,-0.0003787778764404,0.0013114012629645,0.976248309671876,23.87776876272597,1.950485987709163,,False,False,4.108776404744543,-58.330316412480286,16.376703120226956,-25091.07257666971,0.9491064582173464,True,3.626800255265698e-05,3.626800255265698e-05,0.0055211147139887,5.277146285723087e-07,3.561210457028586e-06,13.573953360813904,76257036898.27211,409.23690929483706,-60.95137232177905,0.0554185635318375,0.0363790221153891,gravity,normal,True,COHERENT,-3.17503561179292,-2.285630819848034,-0.9999991793945164,-0.3117522526229643,0.543833855401767,-1.0,EXTREME,HIGH,4.494000339889096,0.15,0.2,2,1,-0.999050383245788,0.0003162653829095,0.08,False,True,-0.9989238770926244,0.0010753023018922,0.0001265061531637,-0.9999999999370353,29.470000000001164,-0.5389165540582668,False,False,True,ANTI_PHASE,NONE,0,0,,,0,,state,0.3871274946979545,0.5423076923076924,0.439952768983456,0.5769230769230769,0.45,0.4913793103448276,0.4806196166082139,-0.1862392332164279,0.07692307692307687,0.4807692307692307,0.5,1.0,0.5086206896551724,0.6211007957559682
2026-03-31 17:14:31.379041+00:00,2026-03-31 17:05:00+00:00,BTC/USDT,1m,67697.98,15.0259,-0.0014450715713844,-0.0014450715713844,-0.0010384280363162,-0.0006596501598757,0.4097572414741873,25.88040191152737,2.439230509209954,,False,False,4.067125838297762,-1351.222029160156,16.214738587143383,-659463.2005742721,0.946654693637546,True,3.5607344607011966e-05,3.5607344607011966e-05,0.0049199653881401,1.863159124686562e-06,3.211250461084398e-06,7.996736405417323,27827493418.75617,408.1216820048247,-80.58285549880344,0.7202957836271494,0.6067199013647345,gravity,normal,True,COHERENT,-2.2890654801545978,-1.391792399413963,-0.0365066234006617,-0.0104210480404657,0.5150710271961915,-1.0,ACTIVE,HIGH,7.017473499209407,0.15,0.2,2,1,-0.7591260403960529,0.2408731389984636,0.08,True,False,-0.9999991793945164,0.9634925559938547,0.2408731389984636,-0.9999999997692278,97.97000000000116,-0.0442306623599284,False,False,True,TRANSITION,NONE,0,0,,,0,,state,0.35277352976135845,0.7400000000000001,0.31383299465060005,0.7461538461538462,0.47500000000000003,0.4915254237288136,0.5180727644932099,-0.2736455289864199,0.0,0.8096153846153846,0.5,0.9684726280181067,0.5084745762711864,0.5359854972913586
2026-03-31 17:15:27.013977+00:00,2026-03-31 17:06:00+00:00,BTC/USDT,1m,67598.01,13.36441,-0.0014767058042204,-0.0014767058042204,-3.163423283603084e-05,0.0010067938034802,-0.1627545897723787,23.902411078801823,2.223299663152985,,False,False,4.100021430035759,246.54334168032705,16.352351279215547,155485.6779609973,0.9486512440893408,True,1.603931855206115e-05,1.603931855206115e-05,0.0057652177419005,6.865698491549875e-08,2.1527178781199763e-06,2.598418809531722,5443645905.30023,407.4457956395013,71.87363795275432,0.2546392979949005,0.2388865111339994,gravity,normal,True,TENSIONED,5.739429334474055,-0.73831704224724,0.9133505715110126,0.0188739656189435,0.092502281716108,1.0,EXTREME,HIGH,4.969781615166966,0.15,0.2,2,1,0.2009576753272568,0.2374642987279186,0.08,True,False,-0.0365066234006617,0.9498571949116744,0.2374642987279186,0.9999999998985184,-99.97000000000116,-0.0985696756839611,True,False,True,UNDEFINED,NONE,0,0,,,0,,state,0.3876197406102747,0.6086538461538462,0.5788193541819181,0.7,0.5,0.4916666666666667,0.5333752741772924,-0.3167505483545847,0.46153846153846156,0.673076923076923,0.5,0.9109992688605537,0.5083333333333333,0.5607305864459077
2026-03-31 17:16:24.884512+00:00,2026-03-31 17:07:00+00:00,BTC/USDT,1m,67646.21,9.26056,0.000713038741821,0.000713038741821,0.0021897445460414,0.0022213787788775,0.1128076039894493,25.57155744243764,2.415969830039092,,False,False,4.128450186798658,-948.1775946224273,16.37199613721891,-547466.5953776349,0.949928464508668,True,0.000182515153496,0.000182515153496,0.0151437686996787,7.537428049630201e-07,7.296248521305986e-06,4.878409890196053,32768021465.97341,407.2400108162061,-79.43499560186014,0.4440047081870357,0.568772342732507,gravity,normal,True,COHERENT,-5.972696027383529,-0.986093334651384,0.9996735139442158,0.0614439508134903,0.2383454493349032,-1.0,ACTIVE,HIGH,3.242089666865547,0.15,0.2,2,1,0.9349313071193134,0.0215807356083007,0.08,False,True,0.9262990128759933,0.0733745010682226,0.0086322942433202,-0.9999999995832122,48.20000000001164,-0.0497780664657234,False,False,True,ANTI_PHASE,NONE,0,0,,,0,,state,0.3803465915598491,0.7053846153846154,0.016673849528014137,0.723076923076923,0.5,0.4918032786885246,0.47007700652975704,-0.19015401305951407,0.9230769230769231,0.7519230769230769,0.5,1.0,0.5081967213114754,0.5632487389659521
2026-03-31 17:19:14.731760+00:00,2026-03-31 17:08:00+00:00,BTC/USDT,1m,67701.52,13.5265,0.0008176363465151,0.0008176363465151,0.000104597604694,-0.0020851469413474,0.3722025758288592,26.02188726744731,2.442976195858239,,False,False,4.1151240724391975,-1309.039320925683,16.356972495335516,-662175.6357225623,0.9492985600060724,True,0.0001200483353217,0.0001200483353217,0.0100341837401081,5.706041917359016e-06,5.1222207993601385e-06,7.399901751472498,32222090202.818146,406.1564386699639,-80.54300221775827,0.5189807733943815,0.6517489231555061,gravity,normal,True,COHERENT,-2.8582776197519992,-1.2655113895592116,0.9997277046212488,0.0800822394912438,0.3596288072558363,1.0,EXTREME,MID,1.140541529736404,0.3,0.3,2,1,0.999687061613474,1.3547669258318074e-05,0.08,False,True,0.9996897711473256,3.793347392311297e-05,2.709533851619206e-06,0.9999999998349528,55.30999999999767,0.1095438880896906,True,False,True,LATENT_DISLOCATION,NONE,0,0,,,0,,state,0.45234030142546855,0.7846153846153846,0.07338806285030333,0.7615384615384615,0.6000000000000001,0.49193548387096775,0.5182310019055008,-0.33646200381100155,0.9230769230769231,0.8307692307692308,0.5,0.8847173282519979,0.5080645161290323,0.5346967017900467
2026-03-31 17:22:32.456152+00:00,2026-03-31 17:11:00+00:00,BTC/USDT,1m,68048.0,123.74701,0.0051177580651069,0.0026720041917489,-0.0003183458184188,-0.0038581665051681,1.9482784998571696,26.95209084488112,2.4767178103749923,,False,False,4.129830596535634,1830.4115059134167,16.462375713530538,833927.6893097882,0.950314533074362,True,4.27879966641978e-05,4.27879966641978e-05,0.0049505095864148,4.095955102593084e-06,3.2944036893853868e-06,23.34392666227359,231580478579.39627,405.00534684303136,81.89021695379674,0.7583043057368141,0.6725337476936227,gravity,singularity,True,TENSIONED,-0.1711125839148013,-2.8668547167832035,-0.999991304797012,-0.1602837020900167,0.8212714350544348,1.0,ACTIVE,HIGH,4.285825085449796,0.15,0.2,2,1,0.4997979522666836,0.4999297523545652,0.08,True,False,0.9997277046212488,1.9997190094182609,0.4999297523545652,0.9999999998946292,-346.4799999999959,-0.0273906309870644,True,True,True,CONTINUATION,NONE,0,0,,,0,,state,0.38992213572659373,0.7563461538461538,0.436345637725084,0.5538461538461539,0.6000000000000001,0.4920634920634921,0.5202944064524379,-0.34058881290487575,0.8461538461538461,0.8038461538461539,0.5,0.8792149161268323,0.5079365079365079,0.5400326667606459
2026-03-31 17:28:13.477255+00:00,2026-03-31 17:14:00+00:00,BTC/USDT,1m,68454.01,206.64085,0.0059665236303785,0.0034544957478448,0.0007150487995124,-0.0022598202038399,3.506114806544708,25.666029502783385,2.3353578864788447,,False,False,4.1207996779844684,-547.3759163977621,16.462158326155226,-328384.93409586966,0.9499498350176124,True,2.9454011767315013e-06,2.9454011767315013e-06,0.0026419468872673,9.8362776194228e-07,8.95948976622676e-07,39.92691663462029,66800011367.660736,410.9164488247853,-76.47613022671406,0.4242177963255557,0.4278860386783178,gravity,normal,True,TENSIONED,4.91607934704264,-3.5215873979821914,-0.9999044247224752,-0.5733071391438649,0.959842753656458,1.0,ACTIVE,LOW,0.0,0.4,0.35,3,2,-0.9999695847783776,2.172001863431916e-05,0.08,False,False,-0.999991304797012,8.688007453683255e-05,2.172001863431916e-05,-0.999999999983344,-406.0099999999948,0.1478726476850242,False,False,True,LATENT_DISLOCATION,NONE,1,-1,V22_PREMIUM,68048.0,1,,state,0.32742550438069257,0.5140384615384614,0.6193306051697572,0.34615384615384615,0.5,0.4921875,0.45253361110140594,-0.155067222202812,0.7692307692307692,0.6576923076923076,0.5,1.0,0.5078125,0.586748798076923
2026-03-31 17:29:45.858511+00:00,2026-03-31 17:14:00+00:00,BTC/USDT,1m,68454.01,206.64085,0.0059665236303785,0.0034544957478448,0.0007150487995124,-0.0022598202038399,3.624560948811208,25.1013516350246,2.189670225632287,,False,False,4.071265052626507,-241.98308196748485,16.263839677255007,-125749.69745923112,0.9470460139498752,True,2.9483845852335222e-06,2.9483845852335222e-06,0.0026419532145459,2.721674190325963e-06,8.95948976622676e-07,39.92700692593644,86078361774.89162,410.6164436053578,-70.68826066326189,0.2831450123779644,0.1727804936313634,gravity,normal,True,TRANSITION_EDGE,6.386680173495787,-3.518352462880744,-0.999914032797686,-0.6373889385473116,1.0120590620378818,1.0,ACTIVE,MID,1.0,0.3,0.3,2,1,-0.999914032797686,0.0,0.08,False,True,-0.999914032797686,0.0,0.0,0.999999999991985,-406.0099999999948,-0.3072988753930823,True,False,True,LATENT_DISLOCATION,NONE,0,0,,,0,,state,0.3648886320366402,0.4001923076923077,0.6940183272944004,0.3692307692307692,0.6000000000000001,0.0,0.330747984026397,0.038504031947206085,0.23076923076923073,0.6403846153846153,0.5,1.0,1.0,0.6849038461538461
2026-03-31 17:32:33.370943+00:00,2026-03-31 17:20:00+00:00,BTC/USDT,1m,68206.81,32.82226,-0.0036111836253274,-0.0005790787577881,-4.409823705431304e-05,0.0003060969948142,1.514759613416476,26.75482411353481,2.424199409839394,,False,False,4.084599147756568,-1191.4751240144565,16.253570543241374,-591030.1399059523,0.947591215732068,True,6.642997993274413e-05,6.642997993274413e-05,0.0091623963388421,2.114782703784932e-07,3.812363092127214e-06,18.7849964225461,160205512443.6008,411.9818446920978,-80.04876938581448,0.7582227741220006,0.6071995296874009,gravity,normal,True,TRANSITION_EDGE,11.697858794868852,-2.04313868425936,0.999998984269748,0.0470088183787715,0.2834511224821319,1.0,EXTREME,LOW,0.0,0.4,0.35,3,2,-0.4999357785308274,0.4999782542668585,0.08,True,False,-0.999914032797686,1.999913017067434,0.4999782542668585,-0.9999999999873852,-247.1999999999971,0.3206828248776001,False,True,True,UNDEFINED,NONE,0,0,,,0,,state,0.42738857465020436,0.6178846153846154,0.4797446510701034,0.34615384615384615,0.55,0.0,0.3543088413230666,0.01638231735386675,0.0,0.7423076923076923,0.5,1.0,1.0,0.6494230769230769
2026-03-31 17:35:21.497095+00:00,2026-03-31 17:24:00+00:00,BTC/USDT,1m,68322.47,12.64368,0.0016957251042821,0.0006766626237784,0.0007210391771408,0.0020793971675825,1.7117051091959332,25.617785182732376,2.442463596707731,,False,False,4.093410389274258,1365.7927922712602,16.322170309254176,671260.7748927794,0.9482587401609972,True,1.6648953554369045e-05,1.6648953554369045e-05,0.0071572460368445,2.497572002707332e-07,1.9633667381014893e-06,20.77643213646661,43194835740.68753,409.7785502509503,80.74371928885937,0.4300278250772212,0.6300534694110945,gravity,normal,True,TRANSITION_EDGE,14.10402137759798,-2.2937167529315987,-0.9994638755485532,-0.1221247144961855,0.1279150486258781,-1.0,EXTREME,LOW,0.0,0.4,0.35,3,2,0.5001332693151728,0.4998657149545753,0.08,True,False,0.999998984269748,1.9994628598183013,0.4998657149545753,-0.9999999999608868,-115.66000000000348,0.2210512011638634,False,True,True,UNDEFINED,NONE,0,0,,,0,,state,0.3972961605169891,0.6717307692307692,0.5988274643256003,0.3,0.525,0.014925373134328401,0.3722256569078233,-0.006951313815646565,0.0,0.6134615384615385,0.5,1.0,0.9850746268656716,0.6743958094144661
2026-03-31 17:36:16.608312+00:00,2026-03-31 17:27:00+00:00,BTC/USDT,1m,68072.99,8.48201,-0.001961974178238,-0.0002943032495394,0.0004561644720572,-0.001403050975002,0.2976499897013611,26.59725778795296,2.4550621583852017,,False,False,4.110510963700421,-1531.7622525082695,16.36646295257804,-723687.766263575,0.949165369344484,True,3.701712755177816e-05,3.701712755177816e-05,0.0098038962811166,1.571230447812417e-06,3.15807729122846e-06,6.336312123108655,116810820372.1206,409.2294458618549,-81.17824287380472,0.7129968209788209,0.6459992264050213,gravity,normal,True,TENSIONED,14.07106170171832,-1.5162103074333286,0.9994979366790712,0.0420065545545959,0.1758278925923934,1.0,EXTREME,HIGH,4.601872127665627,0.15,0.2,2,1,-0.499723422491647,0.4997404530569061,0.08,True,False,-0.9994638755485532,1.9989618122276245,0.4997404530569061,-0.9999999999614246,-133.81999999999243,0.1937174293402321,False,True,True,DISSIPATION,NONE,0,0,,,0,,state,0.3624882656811171,0.8009615384615385,0.5688139452013748,0.27692307692307694,0.45,0.014705882352941124,0.38135139801949003,0.012297203961019937,0.0,0.6192307692307693,0.5,1.0,0.9852941176470589,0.6579864253393666
2026-03-31 17:37:11.204743+00:00,2026-03-31 17:28:00+00:00,BTC/USDT,1m,68029.93,22.1909,-0.0006325563193274,-0.0006325563193274,-0.0003382530697879,-0.0007944175418451,0.0760450251510591,24.794875649289384,2.243816145106202,,False,False,4.096252868581333,-303.6874174870697,16.25144674702138,-175462.22851450916,0.948102043604072,True,0.0001451374132907,0.0001451374132907,0.0153962729299605,1.3623304590877048e-07,6.330589855085774e-06,3.866482644327334,49127827339.87241,408.1081018963992,-72.61991284225367,0.2362696163735202,0.2967541274530746,gravity,normal,True,TENSIONED,15.58690015628655,-1.0899318911017557,-0.4566562239967627,-0.0001941805999497,0.2073989565602105,-1.0,ACTIVE,HIGH,5.802852306317286,0.15,0.2,2,1,0.6354593965101129,0.3640385401689584,0.08,True,False,0.9994979366790712,1.456154160675834,0.3640385401689584,-0.999999999499927,43.060000000012224,-0.0464400407903871,False,False,True,TRANSITION,NONE,0,0,,,0,,state,0.31697796137202305,0.4986538461538461,0.5183746167653003,0.36153846153846153,0.45,0.0,0.3109622213193393,0.15307555736132147,0.0,0.5769230769230769,0.5,1.0,1.0,0.6707692307692308
2026-03-31 17:41:21.956187+00:00,2026-03-31 17:29:00+00:00,BTC/USDT,1m,68034.0,5.29124,5.982660867065448e-05,5.982660867065448e-05,0.0006923829279981,0.001030635997786,0.1646158390323873,22.37051964428354,1.7997357150670172,,False,False,4.102720666192711,-21.078390944194663,16.276353665354506,-9070.155110288528,0.9484766418550432,True,0.0001566678957215,0.0001566678957215,0.0152705552010529,9.638163336429089e-06,6.35874174541587e-06,3.876428925213986,78136104794.38759,409.02332828795977,-54.82488568292445,0.0064628557834253,0.0116271621720905,gravity,normal,True,TENSIONED,5.702056759381827,-1.0070163441729965,-0.9999997230706582,-0.0672191048237195,0.1476713948031242,1.0,ACTIVE,HIGH,4.635501577389817,0.15,0.2,2,1,-0.5924920987652366,0.1358358747684738,0.08,True,False,-0.4566562239967627,0.5433434990738955,0.1358358747684738,0.9999999996076072,-4.070000000006985,-0.6261590803648107,True,False,True,UNDEFINED,NONE,0,0,,,0,,state,0.2544864792523882,0.3948076923076923,0.5037824469103348,0.36153846153846153,0.5,0.014285714285714235,0.27595272311338354,0.19809455377323282,0.0,0.6480769230769231,0.5,1.0,0.9857142857142858,0.660837912087912
2026-03-31 17:42:16.760252+00:00,2026-03-31 17:33:00+00:00,BTC/USDT,1m,68025.06,16.29018,-0.0001314048857924,0.0001442323596545,0.0003620772038537,0.0019771368919152,0.055906842048726,23.24552891236156,1.894337779178738,,False,False,4.097988334230527,-23.236577919511973,16.37818577436961,17476.781732795353,0.94866330661468,True,5.108632111603125e-07,5.108632111603125e-07,0.0021950963920287,2.3368380619945082e-07,4.334269727692786e-07,2.9897466915281257,95811019729.75064,411.1172489124703,58.82026454432728,0.0431358591663603,0.025730450560444,gravity,normal,True,TENSIONED,7.924446277450273,-0.8683587986249546,-0.9678453420038012,-0.0036676834421796,0.3954615336007499,1.0,ACTIVE,MID,1.4941424663206977,0.3,0.3,2,1,-0.991961127803944,0.0080385952667142,0.08,False,True,-0.9999997230706582,0.0321543810668569,0.0080385952667142,-0.9999999989394222,8.940000000002328,-0.1054678072057191,False,False,True,ANTI_PHASE,NONE,0,0,,,0,,state,0.21799104061153762,0.4448076923076923,0.36710192385538826,0.46923076923076923,0.5,0.07042253521126762,0.2865148363801634,0.1769703272396732,0.0,0.5115384615384615,0.5,1.0,0.9295774647887324,0.6865520043336943
2026-03-31 17:43:13.104170+00:00,2026-03-31 17:34:00+00:00,BTC/USDT,1m,68026.0,6.93028,1.3818436911394729e-05,1.3818436911394729e-05,-0.0001304139227431,-0.0004924911265968,0.0458570634338375,25.99726992029249,2.3635623309080107,,False,False,4.093107307504458,-744.8530285619524,16.311368843278,-395359.12132738665,0.9481815222537474,True,4.022366583571528e-05,4.022366583571528e-05,0.0059423260189021,1.1917979628335689e-07,3.257746119813326e-06,2.887246691097971,65032152741.35654,408.7945601054355,-77.5270809878903,0.527582968009444,0.4560410279394594,gravity,normal,True,TENSIONED,9.615967077727152,-0.8297275840997026,0.9999999206548182,0.050129242468095,0.1951186945613111,-1.0,ACTIVE,HIGH,5.918119988973496,0.15,0.2,2,1,-0.4758840263391463,0.4919613156646549,0.08,True,False,-0.9678453420038012,1.96784526265862,0.4919613156646549,-0.9999999908801588,0.9400000000023284,-0.116650032720575,False,True,True,DISSIPATION,NONE,0,0,,,0,,state,0.2804880515752628,0.6178846153846154,0.09939411646551202,0.36923076923076925,0.47500000000000003,0.06944444444444442,0.28135377993629207,0.19979244012741584,0.0,0.7538461538461538,0.5,1.0,0.9305555555555556,0.6211217948717949
2026-03-31 17:49:17.525537+00:00,2026-03-31 17:35:00+00:00,BTC/USDT,1m,67970.68,15.81016,-0.0008132184752889,-0.0008132184752889,-0.0008270369122003,-0.0006966229894571,-0.2241854233493656,26.90679675141372,2.426876142465824,,False,False,4.093193358973972,-1296.7721676395486,16.333293269317224,-606321.9548871256,0.9482883552848854,True,9.497764202229838e-06,9.497764202229838e-06,0.0054719689678741,2.5749534518886704e-07,1.5313347644062291e-06,-0.0230242868565255,197005469258.01785,405.8626711928066,-80.00386383186998,0.7221321532388842,0.5325741407813194,gravity,normal,True,TENSIONED,25.147165511274984,-0.9427903245975656,0.7062454365553229,0.1066195323010045,0.2695615722450115,-1.0,ACTIVE,LOW,0.7681210555305337,0.4,0.35,3,2,0.9265612996299444,0.0734386210248737,0.08,False,False,0.9999999206548182,0.2937544840994953,0.0734386210248737,0.9999999997596172,-55.320000000006985,-0.0751994594674125,True,False,True,ATTRACTION,NONE,0,0,,,0,,state,0.33380553498818744,0.7025000000000001,0.603267164321539,0.4846153846153846,0.42500000000000004,0.09589041095890416,0.41110636882731144,-0.034712737654622905,0.15384615384615385,0.7865384615384615,0.5,1.0,0.9041095890410958,0.5989818229715491
2026-03-31 17:50:13.541121+00:00,2026-03-31 17:36:00+00:00,BTC/USDT,1m,67838.48,109.78134,-0.0019449562664372,-0.0019449562664372,-0.0011317377911482,-0.0003047008789479,-0.7911589966189755,26.53406228480602,2.4792065377628383,,False,False,4.08609230622988,1801.4964158667565,16.306051889107508,861030.1495830602,0.9478729843434444,True,7.939012626398604e-06,7.939012626398604e-06,0.005302252173562,1.961714133174209e-07,1.48684822677092e-06,-6.6319086444418645,124355183071.7315,405.7164094373109,82.10623028198798,0.6456989931826607,0.7189286258563771,gravity,normal,True,TRANSITION_EDGE,35.03096624269142,-1.6861616119570866,0.7543265596825596,0.0446768170569946,0.2906468313430986,1.0,EXTREME,MID,1.683556755155235,0.3,0.3,2,1,0.7182657173371321,0.0120202807818091,0.08,False,True,0.7206697734934939,0.0336567861890656,0.0024040561563618,-0.9999999999581214,-132.1999999999971,0.1806241983542129,False,False,True,UNDEFINED,NONE,0,0,,,0,,state,0.3261282717203865,0.8255769230769231,0.5121320141887805,0.49230769230769234,0.42500000000000004,0.1216216216216216,0.4277188139253576,-0.06793762785071522,0.3076923076923077,0.8423076923076923,0.5,1.0,0.8783783783783784,0.5811798336798337
2026-03-31 17:51:08.400437+00:00,2026-03-31 17:38:00+00:00,BTC/USDT,1m,67736.0,31.91114,-0.0015106470545919,-0.0007168295920945,7.755731044223335e-05,-0.0010730120534582,-1.1370955039700428,26.71548465767115,2.3948822693268683,,False,False,4.108280111100708,-1041.8703571098808,16.403528706475175,-488846.6105302988,0.9491935173958568,True,9.0718244088742e-06,9.0718244088742e-06,0.0030708390550292,1.108135928439522e-06,1.2814408388373283e-06,-10.97458969950094,213894894868.0021,405.66507437558937,-78.70350309044007,0.690167649648018,0.5021593759668023,gravity,normal,True,RUPTURE_CORRIDOR,38.46978817726442,-2.7011989156101346,0.9976593322825396,0.009191442603811,0.0564120589242122,1.0,EXTREME,HIGH,4.2230723409437205,0.15,0.2,2,1,0.8151597528325546,0.060833193149995,0.08,False,True,0.7908264755725566,0.206832856709983,0.024333277259998,0.999999999368115,-102.47999999999593,-0.0154426876204474,True,False,True,UNDEFINED,NONE,0,0,,,0,,state,0.4260383719525269,0.5878846153846153,0.9791620417695218,0.5230769230769231,0.45,0.1333333333333333,0.4827556941253549,-0.19051138825070982,0.46153846153846156,0.7269230769230769,0.5,1.0,0.8666666666666667,0.6132692307692308
2026-03-31 17:52:32.351799+00:00,2026-03-31 17:42:00+00:00,BTC/USDT,1m,67725.83,9.39007,0.0006424126821837,0.0006424126821837,0.0012222865836053,0.0011857509458936,-0.9890682191766728,26.709119838638923,2.384310494474424,,False,False,4.066423580197421,-920.3246621957752,16.26465751770014,-462931.399884415,0.9468298132287856,True,2.2216460570684593e-08,2.2216460570684593e-08,8.434991178251058e-05,1.536099629657577e-07,2.9157819329022528e-08,-9.340933351457352,244778570578.24423,405.66912272772777,-78.37637914348531,0.6845432101013363,0.475395605607275,gravity,normal,True,TRANSITION_EDGE,42.864874857048704,-2.0834769526822234,-0.0630308177455661,-0.0003753552142702,0.1312938783313197,1.0,ACTIVE,HIGH,5.556335397144646,0.15,0.2,2,1,0.7324867947755132,0.2651725375070265,0.08,True,False,0.9976593322825396,1.0606901500281058,0.2651725375070265,0.999999999774687,-43.479999999995925,-0.102076148656788,True,False,True,TRANSITION,NONE,0,0,,,0,,state,0.43033434837180906,0.5578846153846153,0.7508860874954184,0.6538461538461539,0.525,0.052631578947368474,0.44302824110795325,-0.1485564822159065,0.6923076923076923,0.7423076923076923,0.5,1.0,0.9473684210526315,0.6365283400809716
2026-03-31 17:53:27.682865+00:00,2026-03-31 17:44:00+00:00,BTC/USDT,1m,67712.83,16.14493,-0.0001919503976547,0.0001007296102666,0.0003933801396142,0.0013284433511455,-0.936504110782254,27.02412092000763,2.472400133847739,,False,False,4.087647854262041,1777.8207068631302,16.334481851997054,826153.0301786098,0.9480379773546854,True,3.2145982541547672e-06,3.2145982541547672e-06,0.001579547364343,1.0078916079829629e-07,5.091770186306533e-07,-9.030687787249915,227641750127.4309,405.7778440890716,81.85985582589889,0.7816995244276783,0.6766592755169705,gravity,singularity,True,TRANSITION_EDGE,30.56134855466634,-1.9215505452921808,0.8743500026996971,0.0210286735735602,0.1414720524305923,1.0,EXTREME,HIGH,4.017367302549019,0.15,0.2,2,1,0.1713143873657496,0.2343452051113158,0.08,True,False,-0.0630308177455661,0.9373808204452632,0.2343452051113158,-0.9999999995565227,-13.0,0.1734544459591727,False,False,True,UNDEFINED,NONE,0,0,,,0,,state,0.47192829295501226,0.7755769230769232,0.7302085838952855,0.6692307692307693,0.525,0.07792207792207795,0.5024938803035655,-0.2674877606071309,0.5384615384615384,0.7788461538461537,0.5,0.9766829858571588,0.922077922077922,0.6177708963144396
2026-03-31 17:54:22.525321+00:00,2026-03-31 17:45:00+00:00,BTC/USDT,1m,67743.93,11.61682,0.0004592925742432,0.0004592925742432,0.0003585629639766,-3.4817175637580355e-05,-0.7583926893535436,25.97003029754979,2.424433558152724,,False,False,4.063536381959234,-1193.3487731298223,16.235254498692306,-602413.9014163694,0.9465663947845714,True,9.459029782036224e-06,9.459029782036224e-06,0.0002476428644604,3.4636851475163245e-08,9.37308533119076e-07,-7.02427180839004,29296783828.499348,407.1656280559022,-80.007563200516,0.5780374305031916,0.585321070943809,gravity,normal,True,TENSIONED,18.43943997528528,-1.5140341621392186,0.9999665682282932,0.0624422087783075,0.3793859793189127,1.0,EXTREME,HIGH,2.7170677064573834,0.15,0.2,2,1,0.9057541440818462,0.031404141382149,0.08,False,True,0.8931924875289865,0.1067740806993068,0.0125616565528596,0.9999999997908048,31.09999999999127,0.1537048918610302,True,False,True,UNDEFINED,NONE,0,0,,,0,,state,0.5344272395615395,0.6971153846153846,0.6091161599945463,0.6923076923076923,0.45,0.07692307692307687,0.48747423388956673,-0.19994846777913358,0.5384615384615384,0.8,0.5,1.0,0.9230769230769231,0.6034615384615385
2026-03-31 17:56:15.494850+00:00,2026-03-31 17:46:00+00:00,BTC/USDT,1m,67698.91,11.83269,-0.0006645613857948,-0.0006645613857948,-0.0011238539600381,-0.0014824169240147,-0.8964493401195313,26.33925204246137,2.50277846911331,,False,False,4.116800397948319,2020.2914865554303,16.426366654958084,1000000.0,0.9496451469166765,True,1.3127137981253242e-05,1.3127137981253242e-05,0.0046014603953847,1.5328029871137589e-07,1.2296969965848455e-06,-8.924112687818706,46570101077.48288,407.2622133538111,83.0576072240995,0.6974731071452169,0.699442502518852,gravity,criticality,True,TRANSITION_EDGE,23.107867377692447,-1.7877640524841063,0.9995769336652568,0.0442048911076136,0.1423815665422282,1.0,EXTREME,HIGH,4.131499374052035,0.15,0.2,2,1,0.9998691595875342,9.740864075913348e-05,0.08,False,True,0.9999665682282932,0.0003896345630364,9.740864075913348e-05,-0.9999999999292332,-45.01999999998952,0.3138808624656732,False,False,True,ANTI_PHASE,NONE,0,0,,,0,,state,0.5959091856576386,0.8101923076923077,0.6425093650514357,0.6923076923076923,0.5750000000000001,0.17721518987341767,0.5555421140250948,-0.3985842280501896,0.15384615384615385,0.8423076923076922,0.5,0.8018876959330804,0.8227848101265823,0.5533127224253345
2026-03-31 17:59:32.746304+00:00,2026-03-31 17:49:00+00:00,BTC/USDT,1m,67669.89,13.22696,0.000757779103842,0.0013565021392987,0.0019544141058935,0.0013667826124827,-0.6910788257894744,24.86370787347375,2.0898939523138904,,False,False,4.074164871931121,195.36688262096737,16.284969257957528,64753.904767860746,0.947250559795943,True,2.144214129417956e-06,2.144214129417956e-06,0.0009114970580232,4.418700134530803e-09,4.311022351055563e-07,-8.610156204929808,167122937602.46088,420.2408319641243,66.94882597488368,0.1373249493167418,0.074248161617515,gravity,normal,True,TENSIONED,14.39407716075038,-1.5738468811806543,0.9992310516664086,0.0259288029271579,0.1973580170203362,1.0,EXTREME,HIGH,5.764303209284136,0.15,0.2,2,1,0.9994904631655448,8.647049971211018e-05,0.08,False,True,0.9995769336652568,0.0003458819988483,8.647049971211018e-05,-0.999999999939939,51.24000000000524,-0.3249364682748723,False,False,True,ANTI_PHASE,NONE,0,0,,,0,,state,0.5958851583318798,0.5240384615384616,0.46756390502537193,0.7153846153846154,0.6000000000000001,0.08750000000000002,0.4530962599521604,-0.20619251990432086,0.15384615384615385,0.6615384615384615,0.5,1.0,0.9125,0.6664903846153846
2026-03-31 18:01:25.199094+00:00,2026-03-31 17:51:00+00:00,BTC/USDT,1m,67667.94,5.47129,-2.881636130924736e-05,-0.0003631124975108,-0.0006975300649104,0.0003245545069886,-0.656115535883987,25.640074986741013,2.2286683045079294,,False,False,4.120631478597289,425.907221485767,16.4126341979941,159831.69281524638,0.9497621022969736,True,3.685382544559845e-05,3.685382544559845e-05,0.0084199062773069,1.102044767834314e-06,1.926001267522126e-06,-7.924694132350851,110582765917.16696,418.8234854625538,72.36858778224685,0.3475183420258191,0.2170761790073472,gravity,normal,True,TENSIONED,18.1962028991664,-1.3582753662530462,-0.593089710484085,-0.0139480399124508,0.1845264109132198,1.0,ACTIVE,HIGH,6.3829071781884,0.15,0.2,2,1,0.6011508611287852,0.3980801905376233,0.08,True,False,0.9992310516664086,1.5923207621504936,0.3980801905376233,-0.9999999964560636,1.9499999999970896,-0.1447036534312462,False,False,True,TRANSITION,NONE,0,0,,,0,,state,0.5177809350578544,0.4986538461538461,0.40020649822941995,0.6846153846153846,0.5,0.04938271604938271,0.4042449644342992,-0.05848992886859827,0.23076923076923073,0.7288461538461538,0.5,1.0,0.9506172839506173,0.6353810541310541
2026-03-31 18:02:21.698081+00:00,2026-03-31 17:53:00+00:00,BTC/USDT,1m,67563.95,32.62636,-0.0015367691110443,-0.0009801828294563,-0.0004230504562823,-0.0002290305806191,-1.0042887271813832,22.41838131724874,1.669130849658381,,False,False,4.106717556532565,23.43349202023967,16.36933204662965,3853.9597369431576,0.9490019607229416,True,2.9328857456103456e-05,2.9328857456103456e-05,0.0066259171139583,1.453651385644523e-07,1.491604568704647e-06,-12.257319373064092,133098220634.76556,419.1593089292647,49.87821425139395,0.0060521428088707,0.0019953296315548,gravity,normal,True,TRANSITION_EDGE,29.13434402946764,-2.304317307680699,0.1018614673527311,0.0044669088953746,0.1539317746459701,-1.0,ACTIVE,HIGH,6.215906301632764,0.15,0.2,2,1,-0.419351916024881,0.173737794459204,0.08,True,False,-0.593089710484085,0.6949511778368161,0.173737794459204,0.9999999999858612,-103.99000000000524,-0.680146383737195,True,False,True,TRANSITION,NONE,0,0,,,0,,state,0.5348914009214969,0.3348076923076923,0.3579381461040079,0.6615384615384615,0.6000000000000001,0.1097560975609756,0.381044904228527,-0.06208980845705403,0.5384615384615384,0.6596153846153847,0.5,1.0,0.8902439024390244,0.6636327392120075
2026-03-31 18:03:17.925101+00:00,2026-03-31 17:54:00+00:00,BTC/USDT,1m,67618.91,13.80679,0.0008134515521962,0.0008134515521962,0.0017936343816525,0.0022166848379349,-0.7575115112868434,25.219079216919443,2.3044490299281435,,False,False,4.086629953163826,-507.140006044253,16.33045950845874,-269498.54370026966,0.9479650192071508,True,6.258428758303065e-06,6.258428758303065e-06,0.0002667971153326,2.2541354349766407e-08,7.249679015798685e-07,-8.896412668007542,63199165661.68789,418.5908696597857,-75.51710308310943,0.2213147936692015,0.3438272363032404,gravity,normal,True,TENSIONED,25.23375774941044,-1.3918103435515763,0.9991963834463292,0.0693901204616379,0.2324574539752148,-1.0,ACTIVE,HIGH,6.416690203770799,0.15,0.2,2,1,0.3261951963761307,0.2243337290233995,0.08,True,False,0.1018614673527311,0.8973349160935981,0.2243337290233995,-0.9999999996084694,54.9600000000064,-0.0464716057182186,False,False,True,UNDEFINED,NONE,0,0,,,0,,state,0.49743943378955435,0.5332692307692308,0.04923198714235835,0.6923076923076923,0.6000000000000001,0.09638554216867468,0.366341042060911,-0.03268208412182205,0.6153846153846154,0.6557692307692307,0.5,1.0,0.9036144578313253,0.6665998609823911
2026-03-31 18:07:25.323424+00:00,2026-03-31 17:55:00+00:00,BTC/USDT,1m,67541.12,12.42105,-0.000337902091278,-0.0011504178343012,-0.0019638693864975,-0.00375750376815,-1.0292342880879166,26.463229046933968,2.4954672889776264,,False,False,4.090390632887254,-1979.2232329147128,16.35581384254271,-965038.8459653282,0.94824106727442,True,2.0913418361017106e-07,2.0913418361017106e-07,0.0005894296052636,5.417815986047488e-08,1.722715855965862e-07,-12.341088519358893,55160959151.71474,421.3583938408304,-83.31141583294331,0.6045085878305981,0.6984167255017001,gravity,normal,True,TRANSITION_EDGE,10.589700177103657,-2.218684292033218,0.999233165222154,0.0881157036467479,0.2944363937278036,-1.0,ACTIVE,MID,1.2195325025064618,0.3,0.3,2,1,0.9992055788902854,9.195443956167004e-06,0.08,False,True,0.9992074179790766,2.574724307735643e-05,1.839088791255605e-06,-0.9999999962904887,-22.830000000001743,0.0118080288372457,False,False,True,ANTI_PHASE,NONE,0,0,,,0,,state,0.49313518333107353,0.7155769230769231,0.15227482028201994,0.6692307692307693,0.55,0.11904761904761907,0.4193869236369762,-0.11377384727395257,0.8461538461538461,0.8057692307692308,0.5,1.0,0.8809523809523809,0.6157005494505495
2026-03-31 18:09:17.858966+00:00,2026-03-31 18:00:00+00:00,BTC/USDT,1m,67553.67,12.04905,0.001078379215452,0.00039865682859,-0.0002807946902843,-0.0002632673899001,-0.7025275795165229,26.282855300462188,2.412693945897541,,False,False,4.08734097702027,-1118.4691335770567,16.328085249574254,-554624.2044423228,0.9480062211175792,True,2.819249076332141e-06,2.819249076332141e-06,0.0027826390055959,4.819759593262416e-09,4.70619311398917e-07,-8.324354842086905,67597090981.60443,425.86088459909166,-80.10300550892468,0.5780572872113265,0.5697285996652205,gravity,normal,True,TENSIONED,5.023196437744242,-1.3255197621566577,0.9999988587643596,0.0199212620166945,0.1600836006525658,-1.0,ACTIVE,LOW,0.6080466020687578,0.4,0.35,3,2,0.9994245886077052,0.0001914233855513,0.08,False,False,0.999233165222154,0.0007656935422055,0.0001914233855513,0.999999999975034,72.77000000000407,0.550425886880926,True,False,True,LATENT_DISLOCATION,NONE,0,0,,,0,,state,0.534561710074311,0.6025,0.09527180407011929,0.6692307692307693,0.45,0.23529411764705888,0.42763934292547573,-0.08027868585095135,0.9230769230769231,0.6288461538461538,0.5,1.0,0.7647058823529411,0.6224943438914028
2026-03-31 18:10:13.416347+00:00,2026-03-31 18:01:00+00:00,BTC/USDT,1m,67574.18,9.07694,0.0003036104478113,0.0003036104478113,-9.50463807787294e-05,0.0001857483095055,-0.5872234279342617,25.01087620930254,2.4077604588488186,,False,False,4.082598410938736,-1086.63465959313,16.283359442714122,-534407.3187113805,0.9476223924222422,True,1.851403273554668e-05,1.851403273554668e-05,0.0053390790983672,1.4506680348944261e-08,1.1966994504588198e-06,-6.8826325667323545,23543582001.604324,424.1303991278696,-79.82453847278119,0.2424584953621216,0.5206568247293086,gravity,normal,True,TENSIONED,5.182584038407899,-1.219434101119362,0.5923239468870786,0.0101569205239482,0.1866046755358379,-1.0,ACTIVE,MID,1.2406108891317968,0.3,0.3,2,1,0.8980801307950392,0.1019187279693203,0.08,True,False,0.9999988587643596,0.407674911877281,0.1019187279693203,-0.9999999983105774,20.50999999999476,-0.0288599796095803,False,False,True,TRANSITION,NONE,0,0,,,0,,state,0.4843228781929971,0.6025,0.06976136851273919,0.6076923076923078,0.525,0.16279069767441856,0.3838964453976109,-0.03029289079522185,0.8461538461538461,0.7365384615384615,0.5,1.0,0.8372093023255814,0.6214467799642218
2026-03-31 18:11:09.323034+00:00,2026-03-31 18:02:00+00:00,BTC/USDT,1m,67588.48,8.06389,0.0002116192900898,0.0002116192900898,-9.1991157721516e-05,3.0552230572133965e-06,-0.51334145194404,25.39362186129472,2.4611490813588195,,False,False,4.092881043931978,-1425.3303653618489,16.320836466443165,-760654.349492453,0.9482203988562315,True,2.031351740173969e-05,2.031351740173969e-05,0.0060400175305264,1.0028187551268727e-06,1.2250626789228831e-06,-5.823460758154397,7040517793.432284,423.1559034890429,-81.93007951863164,0.5286135813608256,0.6386200148930873,gravity,normal,True,TENSIONED,4.631565819458634,-1.2136507158493863,-0.9999557241105566,-0.0767560960825136,0.3141187226967267,-1.0,EXTREME,HIGH,4.036182002127505,0.15,0.2,2,1,0.1942540291376698,0.3980699177494087,0.08,True,False,0.5923239468870786,1.5922796709976352,0.3980699177494087,-0.99999999876676,-14.30000000000291,0.056704344123287,False,False,True,UNDEFINED,NONE,0,0,,,0,,state,0.42183748265929927,0.766346153846154,0.2488694501815299,0.5692307692307692,0.47500000000000003,0.16091954022988508,0.4216735194033718,-0.08084703880674368,0.9230769230769231,0.8057692307692308,0.5,1.0,0.8390804597701149,0.5944197612732096
2026-03-31 18:12:31.370637+00:00,2026-03-31 18:03:00+00:00,BTC/USDT,1m,67637.99,7.56854,0.0007325212817332,0.0007325212817332,0.0005209019916434,0.0006128931493649,-0.267583217874794,26.09062497289682,2.502771817802979,,False,False,4.115966784276559,-1984.9365431940605,16.41701342564255,-999996.827143091,0.9495860970956154,True,1.2384877788211716e-05,1.2384877788211716e-05,0.0064394620503315,8.904682671804885e-07,8.708597438641015e-07,-3.056796304066665,20644967321.652527,422.989150054576,-83.57978974201608,0.6704708108322298,0.7157347900348263,gravity,criticality,True,COHERENT,3.244474912766753,-1.3142094699079645,-0.9993483468028028,-0.0156084475708399,0.2010066849957213,-1.0,EXTREME,MID,1.594591787334261,0.3,0.3,2,1,-0.9998038797836182,0.0001518443269383,0.08,False,True,-0.9999557241105566,0.0006073773077536,0.0001518443269383,-0.9999999995666122,-49.51000000000931,0.0466047793032067,False,False,True,ANTI_PHASE,NONE,0,0,,,0,,state,0.35938187646413633,0.8730769230769232,0.24510747176606687,0.4769230769230769,0.47500000000000003,0.13636363636363635,0.40685634512569935,-0.05121269025139871,0.6923076923076923,0.6826923076923077,0.5,1.0,0.8636363636363636,0.6288723776223777
2026-03-31 18:15:19.726557+00:00,2026-03-31 18:05:00+00:00,BTC/USDT,1m,67634.9,6.14964,0.0002608801362256,0.0002608801362256,0.000567364702074,0.0016063705496558,-0.3072846806817494,26.182087282722,2.4670173915080778,,False,False,4.104125423635806,-1577.339532169564,16.32697126147165,-783161.0905058825,0.9487349498197256,True,6.342713029287691e-05,6.342713029287691e-05,0.010708016425413,6.275073649315684e-07,2.001588981589001e-06,-2.8612180684431223,52632438429.10587,422.4901031059607,-82.08517699424641,0.5164403065062888,0.661746414178796,gravity,normal,True,TENSIONED,4.278334858881876,-1.5791250669333583,-0.9999638960317924,-0.0126267394694213,0.1007568302013863,1.0,ACTIVE,MID,1.0504138367576557,0.3,0.3,2,1,-0.9995022341100503,0.0001538873072474,0.08,False,True,-0.9995330115714998,0.0004308844602927,3.0777461449416066e-05,0.9999999964359384,-17.639999999999418,-0.0159058264000084,True,False,True,LATENT_DISLOCATION,NONE,0,0,,,0,,state,0.3841670580324955,0.6717307692307692,0.2892420713465015,0.3769230769230769,0.45,0.0449438202247191,0.34154864565089427,0.09190270869821146,0.6153846153846154,0.7711538461538462,0.5,1.0,0.9550561797752809,0.6154699654278306
2026-03-31 18:16:15.211926+00:00,2026-03-31 18:06:00+00:00,BTC/USDT,1m,67605.2,4.27411,-0.0001783568278276,-0.0004391224057401,-0.0007000025419657,-0.0012673672440398,-0.4884327806499796,26.132882083142867,2.385637704691083,,False,False,4.089863366743138,938.3675521064584,16.268333448694115,456814.09476987727,0.9478983954750472,True,5.647382895501981e-05,5.647382895501981e-05,0.0117189927168329,2.262581280187798e-06,2.005416924382561e-06,-4.203082770472975,74726634347.81464,422.3691620152641,78.8209281368427,0.5363226777566075,0.5092539047907938,gravity,normal,True,TENSIONED,1.381747122769688,-1.564282343900633,-0.9998958436458464,-0.0439692564766127,0.1088877963632905,1.0,ACTIVE,MID,1.7024079947071045,0.3,0.3,2,1,-0.999946882935306,1.7013096486495627e-05,0.08,False,True,-0.9999638960317924,6.805238594609353e-05,1.7013096486495627e-05,-0.9999999985233966,12.059999999997672,-0.0561550480966954,False,False,True,ANTI_PHASE,NONE,0,0,,,0,,state,0.31223714209174136,0.5486538461538462,0.7363818826812117,0.3923076923076923,0.47500000000000003,0.0444444444444444,0.3682046021131513,0.026090795773697356,0.6153846153846154,0.7269230769230769,0.5,1.0,0.9555555555555556,0.6316025641025641
2026-03-31 18:17:09.634625+00:00,2026-03-31 18:07:00+00:00,BTC/USDT,1m,67683.57,3.73238,0.0011592303550616,0.0011592303550616,0.0015983527608017,0.0022983553027675,-0.1284908112789624,22.84133301233682,2.3564043297380413,,False,False,4.131570453127673,-599.0369152064923,16.419561155899135,-370964.8083378731,0.9502488102889312,True,9.190340436518454e-05,9.190340436518454e-05,0.0125226886867833,1.1317836521513289e-07,2.5711957838510344e-06,-0.0744116432615555,163761384.2889952,422.2747907516785,-77.55901347616206,0.3591436750113538,0.4420235988603712,gravity,normal,True,COHERENT,0.6149577932682548,-1.5631921096029766,0.9843114036943434,0.0079078004391787,0.2565786226780765,1.0,EXTREME,HIGH,7.57997213656065,0.15,0.2,2,1,-0.5038440318107988,0.4960518118350475,0.08,True,False,-0.9998958436458464,1.9842072473401893,0.4960518118350475,-0.9999999999063792,78.3700000000099,-0.1362945434918643,False,True,True,DISSIPATION,NONE,0,0,,,0,,state,0.311771986468906,0.6461538461538462,0.7577668781572361,0.4,0.5750000000000001,0.02197802197802201,0.3863333030660867,-0.06016660613217345,0.6153846153846154,0.4461538461538461,0.5,1.0,0.978021978021978,0.7251648351648352
2026-03-31 18:18:33.322868+00:00,2026-03-31 18:08:00+00:00,BTC/USDT,1m,67677.09,5.20079,-9.573963075548696e-05,-9.573963075548696e-05,-0.001254969985817,-0.0028533227466188,-0.1436533442041896,21.742400338773173,2.013754342747662,,False,False,4.107953332719954,-45.16666799259576,16.340840165791633,-38107.79122191662,0.948953529471048,True,6.647532037742781e-05,6.647532037742781e-05,0.0109788507349762,3.048419148338325e-06,2.1347082629974658e-06,-0.3947183777490863,749574742.4608562,423.4298086965011,-63.82448738965789,0.039002657537587,0.0280153808064649,gravity,normal,True,COHERENT,-0.0356651451487908,-1.6285758883100414,-0.9884427555894983,-0.0138184813933195,0.0314263293519383,-1.0,EXTREME,HIGH,7.299257926131512,0.15,0.2,2,1,0.4911228638733829,0.4931885398209605,0.08,True,False,0.9843114036943434,1.9727541592838416,0.4931885398209605,-0.999999999560095,6.480000000010477,-0.3508052620371709,False,True,True,DISSIPATION,NONE,0,0,,,0,,state,0.24965711388223677,0.5423076923076924,0.8636448249011938,0.36923076923076925,0.55,0.07608695652173914,0.37482889518232687,-0.024657790364653764,0.9230769230769231,0.6576923076923077,0.5,1.0,0.9239130434782609,0.6591638795986622
2026-03-31 18:23:43.798650+00:00,2026-03-31 18:13:00+00:00,BTC/USDT,1m,67748.0,4.23328,0.000726600659598,0.000726600659598,0.0013268415531273,0.0021565434362951,0.0966790404302416,27.363472705017266,2.4756995813032714,normal,False,False,4.05582842204424,-1887.7515879975936,16.15958309988707,-842961.1475497626,0.9459371947405542,True,3.643944114800375e-05,3.643944114800375e-05,0.0070971354144523,6.751398842451495e-07,1.6913329038759382e-06,2.7358763094525784,447694257838.64014,428.3734170605318,-82.71849548498399,0.7392720184600652,0.6983397470613982,gravity,normal,True,COHERENT,-5.881057928238226,-1.1453847588123869,0.9975497946765428,0.0272356835698175,0.2280220632031944,-1.0,ACTIVE,MID,1.0,0.3,0.3,2,1,0.9975497946765428,0.0,0.08,False,True,0.9975497946765428,0.0,0.0,0.999999999949728,49.19000000000233,0.4043865028695474,True,False,True,LATENT_DISLOCATION,NONE,0,0,,,0,,state,0.249580580629018,0.8092307692307693,0.8505697132963671,0.3999999999999999,0.525,0.21505376344086025,0.46559019685807845,-0.19368039371615692,0.9230769230769231,0.6788461538461539,0.5,1.0,0.7849462365591398,0.6280303970223324
2026-03-31 18:27:27.878061+00:00,2026-03-31 18:14:00+00:00,BTC/USDT,1m,67775.47,37.66219,0.0004054732243017,0.0004054732243017,-0.0003211274352963,-0.0016479689884236,0.1886054040984525,24.790768960034857,2.042312619781677,normal,False,False,4.099400149856957,95.72540244354778,16.34365550054974,46557.48612898811,0.9486042598543304,True,1.5254841356818511e-05,1.5254841356818511e-05,0.00777621367476,2.513402088519348e-07,1.0268595847430762e-06,3.972823875868926,306027299415.3064,432.6721508846513,65.26778139634503,0.0677051899431598,0.049264184542462,gravity,normal,True,COHERENT,-7.724156167541862,-0.8806973811341225,0.9993387223728644,0.061078205879554,0.1263076622748545,-1.0,ACTIVE,LOW,0.0,0.4,0.35,3,2,0.9979970266006232,0.0004472319240804,0.08,False,False,0.9975497946765428,0.0017889276963215,0.0004472319240804,-0.9999999999159352,27.470000000001164,-0.4330387980794024,False,False,True,LATENT_DISLOCATION,NONE,0,0,,,0,,state,0.26229979233284834,0.5323076923076923,0.8546067633289601,0.34615384615384615,0.42500000000000004,0.17021276595744683,0.3947037694565332,-0.0019075389130663867,0.8461538461538461,0.5134615384615384,0.5,1.0,0.8297872340425532,0.6561027004909984
2026-03-31 18:28:23.777778+00:00,2026-03-31 18:15:00+00:00,BTC/USDT,1m,67874.25,26.21887,0.0014574594613656,0.0014574594613656,0.0010519862370639,0.0013731136723602,0.6532897224436495,26.087393032596008,2.2334305169995283,normal,False,False,4.100502270115579,430.0234205203675,16.311657217276252,165114.90346258832,0.9485207851400128,True,6.0164067971704784e-05,6.0164067971704784e-05,0.0108797389645276,4.506202019344699e-07,2.366018168755911e-06,8.713325740071014,404806615381.68427,434.251314269808,72.99859441159087,0.3743149696152786,0.2272718615529178,gravity,normal,True,COHERENT,-2.3081959055949746,-1.6562370985595598,-0.9961105031789952,-0.0015097282890523,0.0208002511607706,1.0,ACTIVE,LOW,0.0,0.4,0.35,3,2,0.5004764159848994,0.4988623063879649,0.08,True,False,0.9993387223728644,1.99544922555186,0.4988623063879649,0.999999999954586,-98.77999999999884,-0.2229155213128413,True,True,True,UNDEFINED,NONE,0,0,,,0,,state,0.2999199554629849,0.5323076923076923,0.8907166623027214,0.34615384615384615,0.47500000000000003,0.09473684210526312,0.39065631412208557,-0.018812628244171153,0.7692307692307692,0.6480769230769231,0.5,1.0,0.9052631578947369,0.6437702429149799
2026-03-31 18:29:20.494656+00:00,2026-03-31 18:20:00+00:00,BTC/USDT,1m,67736.0,4.53356,-0.0020368549192072,-0.0002128400089622,0.0005536521456653,-0.0006700643617734,-0.2258053258224088,26.580259729975843,2.3382696346379497,normal,False,False,4.078341290105067,781.931832748829,16.268065133670838,336774.0268522012,0.9473784652647405,True,1.6057904429349686e-05,1.6057904429349686e-05,0.0054914065761704,6.963705086501072e-07,1.121204379683101e-06,0.1179524980107089,357023704060.08563,435.1372849479692,77.3551953448224,0.5003112099777807,0.4185373857253154,gravity,normal,True,COHERENT,-1.059602709560736,-1.7480962030914595,0.9999974186960316,0.0071148818821921,0.0294349050151222,-1.0,ACTIVE,HIGH,4.130501341187564,0.15,0.2,2,1,-0.4970835227102383,0.4990269804687567,0.08,True,False,-0.9961105031789952,1.9961079218750264,0.4990269804687567,-0.9999999999363244,-138.25,0.1135954326123545,False,True,True,DISSIPATION,NONE,0,0,,,0,,state,0.36239951062789133,0.5669230769230769,0.26875509859457836,0.3692307692307692,0.6000000000000001,0.32291666666666663,0.380411539882057,-0.06082307976411405,0.6923076923076923,0.4634615384615385,0.5,1.0,0.6770833333333334,0.6806971153846153
2026-03-31 18:30:18.161486+00:00,2026-03-31 18:21:00+00:00,BTC/USDT,1m,67782.83,8.94105,0.0006913605763552,0.0006913605763552,0.0009042005853174,0.000350548439652,-0.0708044371064703,25.56903991883489,2.202758463541696,normal,False,False,4.132112292573112,-233.7564382638257,16.505896707202723,-135385.5640347844,0.9505864019383016,True,3.529383960595553e-06,3.529383960595553e-06,0.0028738463867782,6.446654402364411e-07,5.26129697882723e-07,2.453933662865893,155812336209.5506,454.495647902449,-72.32962188379334,0.2051276218329475,0.2224968272528962,gravity,normal,True,COHERENT,-2.604063786736033,-1.1888040843586118,-0.9999391984775444,-0.0397730420053121,0.2565581624521978,1.0,ACTIVE,HIGH,5.610512799376279,0.15,0.2,2,1,0.5000132644026376,0.4999841542933939,0.08,True,False,0.9999974186960316,1.999936617173576,0.4999841542933939,0.999999999655222,-46.83000000000175,-0.061935052657251,True,True,True,CONTINUATION,NONE,0,0,,,0,,state,0.36240028248682316,0.5323076923076923,0.31538271713761395,0.45384615384615384,0.5750000000000001,0.23711340206185572,0.37172429024627335,-0.03094858049254684,0.9230769230769231,0.6442307692307693,0.5,1.0,0.7628865979381443,0.6433752973830293
2026-03-31 18:31:15.227468+00:00,2026-03-31 18:22:00+00:00,BTC/USDT,1m,67757.06,7.04137,-0.000380184775407,-0.000380184775407,-0.0010715453517622,-0.0019757459370797,-0.2159958639302199,27.366043646762563,2.476269900179392,normal,False,False,4.058120374960005,-1900.3051165207864,16.228947909858743,-855967.480051212,0.9463169979737048,True,1.0913167738206001e-07,1.0913167738206001e-07,0.0004505504375483,7.343578175578665e-08,7.996043566612853e-08,1.0426888452930143,287312141899.2514,453.28553921473934,-83.58172802527093,0.7406768298138827,0.6691902047683456,gravity,normal,True,COHERENT,-1.2707912156422585,-1.4892740309316308,0.9793816502231046,0.0079797303854748,0.4650172528562921,-1.0,ACTIVE,HIGH,6.769663938512334,0.15,0.2,2,1,-0.5051089863023821,0.4948302121751622,0.08,True,False,-0.9999391984775444,1.9793208487006488,0.4948302121751622,-0.9999999977404654,-25.770000000004075,0.0171738080762935,False,True,True,DISSIPATION,NONE,0,0,,,0,,state,0.42425270418490785,0.8438461538461538,0.27719997060561696,0.5076923076923077,0.45,0.13265306122448983,0.42572951386626884,-0.0764590277325378,0.9230769230769231,0.8557692307692307,0.5,1.0,0.8673469387755102,0.5811597331240188
2026-03-31 18:35:32.464569+00:00,2026-03-31 18:28:00+00:00,BTC/USDT,1m,67745.8,9.07414,0.0006674976783813,0.0006674976783813,0.000184255326135,-0.0006564880701767,-0.2496059982718179,27.157026761642896,2.476529158642542,normal,False,False,4.074642423679785,-1830.9833706538543,16.281741761866527,-851730.0000522705,0.9472599630788928,True,3.602854556243924e-06,3.602854556243924e-06,0.0015580807911892,1.2108416389558594e-07,4.716759504701648e-07,0.7631495266978163,216613486766.4762,454.461713682492,-83.58667004177215,0.6756248318776512,0.6832116813846328,gravity,normal,True,COHERENT,-3.019545319120323,-1.3508001027827916,-0.4732620505470298,-0.0145476128507375,0.1870613454490093,1.0,ACTIVE,MID,1.0,0.3,0.3,2,1,-0.4732620505470298,0.0,0.08,False,True,-0.4732620505470298,0.0,0.0,-0.9999999998825102,-45.19000000000233,0.1883465401506452,False,False,True,TRANSITION,NONE,0,0,,,0,,state,0.37870353374031246,0.8438461538461538,0.2221906940743684,0.5615384615384615,0.55,0.19191919191919193,0.4289842855260313,-0.1329685710520626,0.3846153846153846,0.7865384615384616,0.5,1.0,0.8080808080808081,0.6095775058275058
2026-03-31 18:36:32.702772+00:00,2026-03-31 18:29:00+00:00,BTC/USDT,1m,67777.77,2.15672,0.0004719111738291,0.0004719111738291,-0.0001955865045522,-0.0003798418306872,-0.0777745075082314,27.798776933552503,2.474540639001085,singularity,False,False,4.091624873973563,1943.728305897726,16.357873926677826,838592.172438269,0.948299889738512,True,1.1075655104679095e-06,1.1075655104679095e-06,0.0006195889915195,4.040168193468173e-11,2.71206376448619e-07,2.323461953026708,613690478659.3632,454.2717464541209,83.4858238687134,0.8121100673789067,0.6964719799748895,gravity,singularity,True,COHERENT,-5.7854258858786665,-1.0206372768562562,-0.9999999550219232,-0.0311448544644713,0.1727090258328394,1.0,ACTIVE,LOW,0.0,0.4,0.35,3,2,-0.6049465266657532,0.1316844761187233,0.08,True,False,-0.4732620505470298,0.5267379044748933,0.1316844761187233,-0.9999999998272588,-31.970000000001164,0.1810762853574061,False,False,True,UNDEFINED,NONE,0,0,,,0,,state,0.3783423712530399,0.7553846153846154,0.29298851059068837,0.6076923076923078,0.529,0.15000000000000002,0.4182646386326324,-0.10102927726526484,0.3076923076923077,0.7076923076923076,0.505,1.0,0.85,0.6321269230769231
2026-03-31 18:37:28.338874+00:00,2026-03-31 18:30:00+00:00,BTC/USDT,1m,67747.51,7.30206,-0.0004464590676266,-0.0004464590676266,-0.0009183702414558,-0.0007227837369035,-0.2498224820722135,27.150802408117823,2.370529194622206,normal,False,False,4.096404340900167,963.3398811122752,16.367307384001204,417890.9337369987,0.9485429640200558,True,3.727173610372519e-06,3.727173610372519e-06,0.0016339209247187,4.43698340171558e-09,5.200024950663061e-07,0.6942471660877345,607309304292.5234,454.13123563067217,79.21860834702291,0.7381495468269418,0.5121356904613109,gravity,normal,True,COHERENT,-3.869370432990708,-1.294190639156148,0.4732052349224665,0.0273243905950842,0.1937093972745763,-1.0,ACTIVE,LOW,0.0,0.4,0.35,3,2,-0.6316986575358258,0.3683012974860974,0.08,True,False,-0.9999999550219232,1.4732051899443896,0.3683012974860974,-0.9999999998602876,-30.26000000000932,0.2365354171698928,False,False,True,TRANSITION,NONE,0,0,,,0,,state,0.3244566037642872,0.7015384615384616,0.12660939340158975,0.6923076923076923,0.478960396039604,0.26,0.40925940610515643,-0.05799901023011486,0.23076923076923073,0.7173076923076922,0.504950495049505,1.0,0.74,0.6032077303884236
2026-03-31 18:38:23.885586+00:00,2026-03-31 18:31:00+00:00,BTC/USDT,1m,67693.54,5.89237,-0.0007966344445722,-0.0007966344445722,-0.0003501753769455,0.0005681948645102,-0.560350048517276,26.749320978034763,2.4141498182697743,normal,False,False,4.111168726754585,1235.1533490497457,16.43027791469805,557498.4257379099,0.9494164824973096,True,2.7896604337442367e-06,2.7896604337442367e-06,0.0012989779817311,1.772736149534026e-07,4.183912400747443e-07,-2.0389316665387014,239836267508.09528,454.8746018753224,81.00439039619793,0.5622093227666718,0.5637300052450824,gravity,normal,True,COHERENT,-0.2476431471835516,-1.7499345224850125,-0.5316711426022691,-0.0186543608782611,0.1704645849020675,1.0,ACTIVE,HIGH,4.952573025650025,0.15,0.2,2,1,0.2219861405412826,0.2512190943811839,0.08,True,False,0.4732052349224665,1.0048763775247356,0.2512190943811839,0.9999999993064158,53.97000000000117,0.0267145851222072,True,False,True,TRANSITION,NONE,0,0,,,0,,state,0.31411254546923334,0.7707692307692308,0.05352401878020196,0.8384615384615385,0.528921568627451,0.27,0.4339798161074156,-0.13242041652855657,0.9230769230769231,0.7673076923076922,0.5049019607843137,1.0,0.73,0.5991926847662142
2026-03-31 18:50:13.540864+00:00,2026-03-31 18:43:00+00:00,BTC/USDT,1m,67810.45,4.01146,0.0001542773088902,0.0001542773088902,-0.0009469341861749,-0.0026357626641677,0.1680268784462911,26.65324173274688,2.356806210007002,normal,False,False,4.10079680420121,864.6091878050817,16.329784909045287,376735.9943545413,0.9485875937833512,True,5.457919646262537e-05,5.457919646262537e-05,0.0074746139719265,4.739613913573027e-07,1.9807928973047266e-06,2.954238074307796,258547800405.3845,465.62310515891016,78.90421497809605,0.5457671292618029,0.4951574047560225,gravity,normal,True,COHERENT,-4.610104736622928,-1.164086006114485,0.9958251426276392,0.0117706839220796,0.2388085817990186,1.0,EXTREME,LOW,0.0,0.4,0.35,3,2,0.9952706038522308,0.0001848462584693,0.08,False,False,0.9950857575937612,0.0007393850338778,0.0001848462584693,0.999999997117338,10.459999999991853,0.0331645885458775,True,False,True,LATENT_DISLOCATION,NONE,0,0,,,0,,state,0.3763605343474922,0.7461538461538462,0.2967285700660861,0.8692307692307693,0.5538834951456311,0.17000000000000004,0.46071480371217055,-0.19837135499715663,0.8461538461538461,0.8,0.5048543689320388,1.0,0.83,0.611004854368932
2026-03-31 18:51:37.120306+00:00,2026-03-31 18:44:00+00:00,BTC/USDT,1m,67821.4,7.87546,0.0001614795359712,0.0001614795359712,7.202227080949086e-06,0.0009541364132559,0.2076868291719782,26.038275457334294,2.3562728890545093,normal,False,False,4.119954045640879,-689.2449047449549,16.44817375294544,-377143.5339055118,0.9498637419661576,True,7.4323258900001e-06,7.4323258900001e-06,0.00397769836173,5.447648066283489e-07,7.142902447851358e-07,3.354024911022861,74639719878.95703,465.024402886306,-78.89437389973124,0.2895132945387756,0.4707778210123552,gravity,normal,True,COHERENT,-6.678098697648544,-1.2499586359525097,-0.3146548021219628,-0.0229962453727972,0.2545620357464074,-1.0,ACTIVE,LOW,0.0,0.4,0.35,3,2,0.6682051564402387,0.3276199861874004,0.08,True,False,0.9958251426276392,1.3104799447496018,0.3276199861874004,-0.9999999825486156,-10.94999999999709,0.0052330632775694,False,False,True,TRANSITION,NONE,0,0,,,0,,state,0.3352776527729495,0.666923076923077,0.1387997278241186,0.9230769230769231,0.5038461538461538,0.39,0.47398552621300905,-0.199894129349095,0.15384615384615385,0.6403846153846154,0.5048076923076923,1.0,0.61,0.6078942307692308
2026-03-31 18:52:33.873184+00:00,2026-03-31 18:45:00+00:00,BTC/USDT,1m,67871.25,5.5101,0.0007350187403976,0.0007350187403976,0.0005735392044263,0.0005663369773454,0.5445002390953978,26.64389314347557,2.441796997911154,normal,False,False,4.147037707223234,-1361.3708067212303,16.576554544288676,-665088.2262040315,0.951450583403968,True,2.3618848615422457e-06,2.3618848615422457e-06,0.0006032167409974,5.6085432807753794e-08,4.02969836434053e-07,5.678739709212096,77207521179.24861,466.7939087181775,-82.43076820719008,0.5553705106281603,0.6455124637258226,gravity,normal,True,COHERENT,-12.649831142177804,-1.6580365003301585,0.999966446825577,0.0679456525483535,0.2110265287108084,1.0,EXTREME,HIGH,6.393205829433476,0.15,0.2,2,1,0.0140005101149221,0.3286553122368849,0.08,True,False,-0.3146548021219628,1.3146212489475395,0.3286553122368849,-0.9999999996351894,49.85000000000582,-0.0549879252852654,False,False,True,UNDEFINED,NONE,0,0,,,0,,state,0.3602747042019768,0.8307692307692308,0.14865911694293674,0.9230769230769231,0.4788095238095238,0.18999999999999995,0.46448292820731935,-0.16837061831940048,0.23076923076923073,0.725,0.5047619047619047,1.0,0.81,0.6117261904761904
2026-03-31 18:53:31.304033+00:00,2026-03-31 18:46:00+00:00,BTC/USDT,1m,67931.24,7.17015,0.0008838794040186,0.0008838794040186,0.000148860663621,-0.0004246785408053,0.8222925296019794,27.16603564089943,2.488288934929892,normal,False,False,4.108566685658672,-1981.8188740193336,16.426485888958705,-915458.2668333747,0.9492876789090176,True,1.5126734869925802e-06,1.5126734869925802e-06,0.0002074828473085,3.620531698583288e-08,3.088906880588231e-07,8.394250389595982,165803975695.64575,468.0444078496815,-84.4317380935638,0.7139152515065168,0.7385913659882831,gravity,normal,True,COHERENT,-2.2772454397042177,-1.888440270911717,-0.9999464336113856,-0.0332312107570153,0.2979184542856274,-1.0,EXTREME,HIGH,6.407594058267955,0.15,0.2,2,1,0.4999882267163363,0.4999782201092406,0.08,True,False,0.999966446825577,1.9999128804369624,0.4999782201092406,-0.9999999999094044,-59.99000000000524,0.1839983320613556,False,True,True,DISSIPATION,NONE,0,0,,,0,,state,0.2984207015414814,0.9538461538461539,0.4241147021455849,0.8384615384615386,0.4787735849056604,0.16000000000000003,0.49476084224566974,-0.2289084769441697,0.0,0.8346153846153846,0.5047169811320755,1.0,0.84,0.5888084179970972
2026-03-31 18:55:23.453839+00:00,2026-03-31 18:47:00+00:00,BTC/USDT,1m,67919.32,6.4525,-0.00017547155035,-0.00017547155035,-0.0010593509543687,-0.0012082116179897,0.7459580042766805,25.38021865434212,2.1069307784743225,normal,False,False,4.078377513060436,270.0186841803595,16.283531084222627,72201.08093652385,0.947427584457804,True,1.085756192386441e-05,1.085756192386441e-05,0.0025353063657053,6.769969424878209e-08,8.696241130510934e-07,7.378607526377891,235715337066.63007,468.7613475707941,68.82631777583079,0.1651510667481529,0.1235467304047689,gravity,normal,True,COHERENT,-0.2984790077900583,-1.896133417530133,0.9990212322239962,0.0554252975038725,0.1682331280885275,-1.0,ACTIVE,HIGH,7.698623570826374,0.15,0.2,2,1,-0.5002045171525402,0.4997419164588453,0.08,True,False,-0.9999464336113856,1.9989676658353817,0.4997419164588453,0.9999999997777544,-11.919999999998254,-0.377477074671491,True,True,True,CONTINUATION,NONE,0,0,,,0,,state,0.3819295541217059,0.4784615384615385,0.25829201247771016,0.8384615384615386,0.4787383177570093,0.38,0.4506877288636215,-0.1407446166057477,0.6153846153846154,0.6307692307692306,0.5046728971962616,1.0,0.62,0.6067562904385334
2026-03-31 18:56:18.822655+00:00,2026-03-31 18:49:00+00:00,BTC/USDT,1m,67862.35,10.52686,-0.0008387893165008,-0.0001476300297159,0.0005436313080008,0.0010594210953676,0.3364093724455821,27.17649380751064,2.380342024626536,normal,False,False,4.116218538962468,991.114373331284,16.439269601799964,443416.5246086393,0.9496602850140802,True,8.664768148946984e-06,8.664768148946984e-06,0.0020539496444437,5.387418746538832e-08,6.488933561260473e-07,3.928037106088596,397763560923.1962,469.5016043397381,80.0133430655851,0.7121780026380599,0.5261071674264163,gravity,normal,True,COHERENT,-4.243496612999548,-1.154403159984155,0.3123801408301198,0.0040671048356573,0.2373267901399486,1.0,ACTIVE,HIGH,5.454197847993355,0.15,0.2,2,1,0.827360959375527,0.1716602728484692,0.08,True,False,0.9990212322239962,0.6866410913938764,0.1716602728484692,-0.9999999995846168,-56.97000000000117,0.0422575953139037,False,False,True,TRANSITION,NONE,0,0,,,0,,state,0.4229414321216318,0.6861538461538462,0.07697962586403864,0.9000000000000001,0.4537037037037037,0.35,0.47701307114078295,-0.18087799413341776,0.8461538461538461,0.7730769230769231,0.5046296296296297,1.0,0.65,0.5706659544159545
2026-03-31 18:58:08.987290+00:00,2026-03-31 18:50:00+00:00,BTC/USDT,1m,67856.74,7.00619,-8.266734057982283e-05,-8.266734057982283e-05,6.496268913613878e-05,-0.0004786686188646,0.2709520950266813,23.784515793593883,1.9234631927978827,normal,False,False,4.093322187795303,48.12602475613278,16.357931321701347,21255.145479256404,0.9483795769210112,True,1.8981299470775448e-06,1.8981299470775448e-06,0.0019352837804709,1.9901491471750122e-07,2.924619470591461e-07,3.451172924556886,114120236259.28352,471.0208439020212,61.35104962870693,0.0764792759335028,0.0230225847595117,gravity,normal,True,COHERENT,-1.3827102080067388,-1.0979548884528818,0.6351074234198204,0.0086359015943452,0.2168512492728274,1.0,EXTREME,HIGH,4.8963821815476205,0.15,0.2,2,1,0.3930619614775449,0.0806818206474251,0.08,True,False,0.3123801408301198,0.3227272825897006,0.0806818206474251,0.9999999993455876,-5.610000000000582,-0.2723865973133843,True,False,True,UNDEFINED,NONE,0,0,,,0,,state,0.46550087549728425,0.5230769230769231,0.010734062268981139,0.8769230769230769,0.4286697247706422,0.36,0.44413917436851436,-0.1026132111223498,0.9230769230769231,0.5826923076923077,0.5045871559633027,1.0,0.64,0.6117489414255469
2026-03-31 19:01:25.252162+00:00,2026-03-31 18:52:00+00:00,BTC/USDT,1m,67812.44,2.04359,-0.0006528459811067,-0.0005537213627527,-0.000454541826571,-0.000438029630969,-0.0031213287837599,27.00509732945175,2.4663813381874995,normal,False,False,4.084531815381009,-1705.408566972343,16.323390817468123,-794968.2998913659,0.947863744016412,True,1.4102229702412868e-06,1.4102229702412868e-06,0.0019302578981366,1.606777434348418e-09,2.648660119166949e-07,0.916409023833694,160066037345.49405,477.8324355814489,-83.84433354209666,0.625280461753314,0.6942753026328373,gravity,normal,True,COHERENT,-1.382858703463949,-1.0063537306580614,-0.4731545627087842,-0.0036825279030761,0.1892097487154541,1.0,ACTIVE,HIGH,5.100036582888739,0.15,0.2,2,1,0.3580419268876692,0.2770654965321512,0.08,True,False,0.6351074234198204,1.1082619861286047,0.2770654965321512,0.999999999746657,44.30000000000291,0.0891020010617058,True,False,True,TRANSITION,NONE,0,0,,,0,,state,0.46732951862721017,0.7400000000000001,0.05017893997652666,0.8769230769230769,0.5036363636363637,0.36,0.493897682191743,-0.23961354620166786,0.9230769230769231,0.6826923076923076,0.5045454545454545,1.0,0.64,0.601736013986014
2026-03-31 19:02:21.835916+00:00,2026-03-31 18:55:00+00:00,BTC/USDT,1m,67830.55,3.02261,0.000267060144127,0.00050356648678,0.0008673176980553,0.0013584791603111,0.0650957226754734,25.4298042410173,2.1273034540234343,normal,False,False,4.100163328372624,218.14210568956787,16.356102293216466,82139.87807417742,0.9486731228282652,True,1.4097464735515535e-05,1.4097464735515535e-05,0.0055654563083065,1.6578717136395037e-08,8.147902348010835e-07,1.7108057645964436,214942304070.5372,478.63285622813805,69.85508435039151,0.1901882383960177,0.1616879204019607,gravity,normal,True,COHERENT,-1.759163194568942,-0.7865072495739786,-0.9996326609895048,-0.03884849780361,0.3111599683481255,1.0,ACTIVE,HIGH,3.691550576114836,0.15,0.2,2,1,-0.6047740872789643,0.13161952457018,0.08,True,False,-0.4731545627087842,0.5264780982807205,0.13161952457018,0.9999999997264646,-18.110000000000586,-0.2018682304014496,True,False,True,UNDEFINED,NONE,0,0,,,0,,state,0.4049714623130956,0.5323076923076923,0.07839002841135154,0.8461538461538463,0.6036036036036037,0.35,0.433885985224592,-0.1695737722509858,0.9230769230769231,0.701923076923077,0.5045045045045045,1.0,0.65,0.6184156271656271
2026-03-31 19:04:14.036955+00:00,2026-03-31 18:57:00+00:00,BTC/USDT,1m,67748.02,3.73458,-0.0009116670972825,-0.0009116670972825,-0.0006063474441172,0.000202538695828,-0.4188132561858053,25.2160872600938,2.1205552511850736,normal,False,False,4.087163849631764,266.33214386134614,16.34528824642522,79362.08920392866,0.948056927437055,True,4.394384862194209e-07,4.394384862194209e-07,3.204245558455381e-05,2.997616743822493e-08,1.2541731336501936e-07,-2.5307183576660464,304399633018.9698,482.017012422376,69.72203921388893,0.1668198092803934,0.1829234164118501,gravity,normal,True,TENSIONED,1.5232336987119828,-1.8585258696600984,-0.999995726682551,-0.0135683569800531,0.0629960087486967,1.0,ACTIVE,LOW,0.9468300085808218,0.4,0.35,3,2,-0.9997234274127662,9.076642326155682e-05,0.08,False,False,-0.9996326609895048,0.0003630656930463,9.076642326155682e-05,-0.999999999939387,61.81999999999243,-0.2668735817825647,False,False,True,LATENT_DISLOCATION,NONE,0,0,,,0,,state,0.38355455809450023,0.4948076923076923,0.17053324962146035,0.7615384615384615,0.6035714285714286,0.16000000000000003,0.37466093465915185,-0.051107583604018014,0.6923076923076923,0.5019230769230769,0.5044642857142857,1.0,0.84,0.6969031593406594
2026-03-31 19:06:32.850476+00:00,2026-03-31 18:58:00+00:00,BTC/USDT,1m,67784.01,2.06356,-0.0003809181676287,0.0005312332375173,0.0014429003347998,0.0020492477789171,-0.359814528358634,26.904074240431168,2.5007296580009823,criticality,False,False,4.084824208821368,2219.792039007873,16.286354958208268,991001.4207540216,0.9477203721948272,True,3.1832145015215354e-05,3.1832145015215354e-05,0.0048368102578992,1.5982153114535e-07,1.259911918263762e-06,-0.6045506842638133,254148631748.0828,485.9882327643887,85.43776332273805,0.5960598044147662,0.7278770641542291,gravity,criticality,True,COHERENT,0.955433754698378,-1.6902488342253768,-0.9998720394434124,-0.0636947405829259,0.1283207759958589,-1.0,EXTREME,HIGH,2.2404424171775066,0.15,0.2,2,1,-0.9999648048727664,3.0921809784589804e-05,0.08,False,True,-0.999995726682551,0.0001236872391386,3.0921809784589804e-05,0.9999999998878988,25.830000000001743,0.3453546114227031,True,False,True,UNDEFINED,NONE,0,0,,,0,,state,0.35855960538965226,0.9230769230769231,0.4510576168134597,0.7384615384615385,0.5785398230088495,0.45999999999999996,0.5676831592540474,-0.42463623001251966,0.0,0.8346153846153845,0.504424778761062,0.7671516933166403,0.54,0.5055057585912431
2026-03-31 19:07:29.174150+00:00,2026-03-31 19:00:00+00:00,BTC/USDT,1m,67901.89,7.94017,0.0007050426614181,0.0007050426614181,-0.0003282393766319,-0.0008302881771646,0.3973513022312837,26.524945239726765,2.4987398629686064,criticality,False,False,4.053274239286687,-2148.0878622507457,16.19876460972965,-992449.8859428013,0.9459628121927752,True,5.37244852980914e-06,5.37244852980914e-06,0.0001826994426107,1.5010168494909215e-08,5.328379868172087e-07,5.173367748880992,99251238662.30736,488.331052121149,-85.51306994248154,0.5244564010571708,0.7439435848374388,gravity,criticality,True,TENSIONED,7.572895401136482,-1.7855247432661054,-0.9996497417989224,-0.0209465271138769,0.0690761665274132,-1.0,EXTREME,HIGH,2.24820105469418,0.15,0.2,2,1,-0.9998164650322898,5.557441112247208e-05,0.08,False,True,-0.9998720394434124,0.0002222976444899,5.557441112247208e-05,-0.9999999998944824,-47.83999999999651,0.198100054067293,False,False,True,ANTI_PHASE,NONE,0,0,,,0,,state,0.3585688770090715,0.8355769230769232,0.5156994881608182,0.6307692307692307,0.5535087719298246,0.18000000000000005,0.4737279117071599,-0.22421020937923208,0.07692307692307687,0.8096153846153846,0.5043859649122807,1.0,0.82,0.6069558029689608
2026-03-31 19:08:24.987115+00:00,2026-03-31 19:01:00+00:00,BTC/USDT,1m,67866.2,12.03202,-0.000525611290054,-0.000525611290054,-0.0012306539514721,-0.0009024145748401,0.0691876657099284,27.45843519991745,2.495141757807521,criticality,False,False,4.075687692413244,2195.743794417808,16.27529111856141,962364.7833904102,0.947285695588924,True,5.748750359358129e-06,5.748750359358129e-06,0.0031816937845604,9.969932591004878e-09,5.692788050240607e-07,3.130230453200056,415830585842.9083,488.86318270337983,85.33740417135425,0.7185223626337035,0.7319074044491848,gravity,criticality,True,COHERENT,0.7644770742736924,-1.0411657903180425,0.0,0.0,0.0,0.0,NEUTRAL,HIGH,3.199861662313666,0.15,0.2,2,1,-0.7497373063491917,0.2499124354497306,0.08,True,False,-0.9996497417989224,0.9996497417989224,0.2499124354497306,,,0.0097304978718568,False,False,True,TRANSITION,NONE,0,0,,,0,,state,0.3085994635062387,0.6630769230769231,0.5545513276533184,0.6076923076923078,0.6034782608695652,0.49,0.5066017957937883,-0.3149427220223592,0.07692307692307687,0.7269230769230769,0.5043478260869565,0.9134097039701877,0.51,0.5694694828487342
2026-03-31 19:09:49.577607+00:00,2026-03-31 19:02:00+00:00,BTC/USDT,1m,67896.8,11.54998,0.0004508871868471,0.0004508871868471,0.0009764984769011,0.0022071524283733,0.2307016770469888,25.590092892005785,2.13558373124695,normal,False,False,4.1191355748478085,267.93627511843624,16.415863601179126,86075.14520755714,0.9496983723495858,True,3.797327350777099e-05,3.797327350777099e-05,0.0061163903920973,9.6620052898099e-07,1.3708467812837953e-06,4.503774172146223,265648944624.3577,490.4046752344946,70.41947910007258,0.1952571638643145,0.1112083315859557,gravity,normal,True,TENSIONED,6.981003199194302,-1.5375825487715846,0.999780150482687,0.105971703170362,0.3691194440122098,-1.0,ACTIVE,MID,1.0,0.3,0.3,2,1,0.999780150482687,0.0,0.08,False,True,0.999780150482687,0.0,0.0,-0.9999999998388206,30.60000000000582,-0.2027538418276546,False,False,True,ANTI_PHASE,NONE,0,0,,,0,,state,0.3300807138031151,0.5332692307692308,0.2843361674652107,0.5769230769230769,0.45344827586206893,0.32999999999999996,0.4008629112628681,-0.028449960456770673,0.0,0.5942307692307691,0.5043103448275862,1.0,0.67,0.6182785145888594
2026-03-31 19:10:16.679655+00:00,2026-03-31 19:03:00+00:00,BTC/USDT,1m,67939.42,4.11057,0.0006277173592863,0.0006277173592863,0.0001768301724391,-0.0007996683044619,0.6225578437694143,26.94054605411556,2.492817306316767,normal,False,False,4.086041755759872,2031.7675527359347,16.319685968946253,945926.5757109064,0.9479141698681852,True,5.323225185229833e-06,5.323225185229833e-06,0.0028528400133858,1.6724865389906753e-07,4.653627123717043e-07,6.409435166206094,140932947427.41418,508.6347103805912,85.77514172253451,0.5873335363466194,0.7106858146651461,gravity,normal,True,TENSIONED,17.55973455630447,-2.201384942542421,0.2721471739992507,0.002896481643417,0.0914724029056598,-1.0,ACTIVE,LOW,0.0,0.4,0.35,3,2,0.8178719063618279,0.181908244120859,0.08,True,False,0.999780150482687,0.7276329764834362,0.181908244120859,0.9999999998136552,42.61999999999534,0.1259125372572627,True,False,True,TRANSITION,NONE,0,0,,,0,,state,0.3187382060174986,0.706346153846154,0.09295850099396306,0.4923076923076923,0.5284188034188034,0.48,0.4287437112688537,-0.12169682424710909,0.0,0.7865384615384615,0.5042735042735043,1.0,0.52,0.5626901709401709
2026-03-31 19:11:11.937057+00:00,2026-03-31 19:04:00+00:00,BTC/USDT,1m,67929.29,5.52676,-0.0001491034218426,-0.0001491034218426,-0.0007768207811289,-0.0009536509535681,0.4323303927584762,24.96358482962916,1.9451527817069043,normal,False,False,4.116733894360233,118.986546721449,16.44622792393348,24384.475128992035,0.949705682746584,True,6.810177815623962e-06,6.810177815623962e-06,0.0012608425511457,6.5555089710554465e-09,5.565920421371762e-07,5.582521651653224,414150762262.0313,510.5527442442752,63.00912361832653,0.0934362063482867,0.0262830427462336,gravity,normal,True,TENSIONED,9.767347481600725,-1.9072157007795176,0.2791571812330395,0.0110003063638724,0.0936998535210986,1.0,ACTIVE,LOW,0.0,0.4,0.35,3,2,0.273899675807698,0.0017525018084472,0.08,False,False,0.2721471739992507,0.0070100072337887,0.0017525018084472,0.9999999997890584,-10.130000000004657,-0.4679810885661328,True,False,True,TRANSITION,NONE,0,0,,,0,,state,0.34224794801647557,0.4448076923076923,0.02075838775130737,0.676923076923077,0.45338983050847453,0.32999999999999996,0.361675745166815,0.049953594412132735,0.0,0.5615384615384614,0.5042372881355932,1.0,0.67,0.6264289439374187
2026-03-31 19:12:35.660976+00:00,2026-03-31 19:05:00+00:00,BTC/USDT,1m,67876.8,8.53988,-0.0007727152749571,-0.0007727152749571,-0.0006236118531145,0.0001532089280144,-0.0050658232413601,25.95647575524304,2.3422839699075984,normal,False,False,4.092298199436137,-750.8099115199415,16.36369975559848,-347564.6371216026,0.9483561239800968,True,2.7566190900072094e-07,2.7566190900072094e-07,0.0007500179520578,4.092594089431112e-08,9.259966495178533e-08,2.6789268597058253,159678093772.4234,509.2855435006521,-79.55017251555093,0.3493263193553605,0.493300895568405,gravity,normal,True,COHERENT,-1.6825450955381798,-0.7796075152997137,0.999746935141324,0.031577626861627,0.1111055437636885,-1.0,ACTIVE,LOW,0.0,0.4,0.35,3,2,0.4593046197101106,0.1801474384770711,0.08,True,False,0.2791571812330395,0.7205897539082844,0.1801474384770711,-0.999999999949016,-52.48999999999069,0.3736721844803277,False,False,True,UNDEFINED,NONE,0,0,,,0,,state,0.36722856040164875,0.6707692307692308,0.21141449907016774,0.6692307692307693,0.47836134453781515,0.27,0.4255577764993989,-0.0902962252677055,0.0,0.7326923076923076,0.5042016806722689,1.0,0.73,0.5976294440853265
2026-03-31 19:13:33.574050+00:00,2026-03-31 19:06:00+00:00,BTC/USDT,1m,67918.46,2.65534,0.0006137590458006,0.0006137590458006,0.0013864743207577,0.0020100861738723,0.2810076065070032,26.677303266050828,2.481838165372293,normal,False,False,4.090468854680205,-1870.195308588785,16.308265629621587,-872600.6162922108,0.9480545475456436,True,3.068014075005068e-05,3.068014075005068e-05,0.0051268974368206,1.37702270486549e-07,1.2311625748773198e-06,4.627951508489787,92998220122.53036,508.0251073613704,-85.25579199074568,0.5116088499728545,0.6766823614987915,gravity,normal,True,TENSIONED,1.3538379712469004,-1.4306437961686185,0.9991978263396682,0.1082370973929156,0.3327626781631855,-1.0,ACTIVE,LOW,0.0,0.4,0.35,3,2,0.99960965794091,0.0001372772004138,0.08,False,False,0.999746935141324,0.0005491088016557,0.0001372772004138,0.9999999999255256,41.66000000000349,0.3223100509471654,True,False,True,LATENT_DISLOCATION,NONE,0,0,,,0,,state,0.4672033589310602,0.7025000000000001,0.13466423016691267,0.6153846153846154,0.5033333333333333,0.45999999999999996,0.4848081665654943,-0.22128299979765526,0.0,0.6788461538461537,0.5041666666666667,1.0,0.54,0.5875801282051283
2026-03-31 19:14:28.647307+00:00,2026-03-31 19:07:00+00:00,BTC/USDT,1m,67968.74,8.28536,0.0007402994708654,0.0007402994708654,0.0001265404250647,-0.001259933895693,0.6017348998697826,26.06875801057638,2.2933910436136427,normal,False,False,4.077277662738295,-587.7643711513513,16.277034742441362,-250276.10593291523,0.9473544049672208,True,1.3060456107091335e-05,1.3060456107091335e-05,0.0028446565830044,2.508186656372296e-07,7.698759251713613e-07,6.91052197002864,229951773334.91296,507.0794012614396,-77.44884584020734,0.2326134056868982,0.2275315689709171,gravity,normal,True,TRANSITION_EDGE,15.675813906264816,-2.342834485719215,-0.2439466660352063,-0.0271779587470042,0.2556762245690525,-1.0,ACTIVE,HIGH,5.014973830832508,0.15,0.2,2,1,0.6884117032459496,0.3107861230937186,0.08,True,False,0.9991978263396682,1.243144492374875,0.3107861230937186,0.9999999998926238,-50.27999999999884,-0.1852237876092188,True,False,True,TRANSITION,NONE,0,0,,,0,,state,0.4908260268501552,0.5386538461538461,0.3686423860127196,0.6230769230769231,0.5783057851239669,0.52,0.5091951723067545,-0.3075432371754924,0.0,0.6903846153846154,0.5041322314049587,0.92327568376601,0.48,0.5715037588308859
2026-03-31 19:15:25.620502+00:00,2026-03-31 19:08:00+00:00,BTC/USDT,1m,67913.11,18.58854,-0.0008184644882339,-0.0008184644882339,-0.0015587639590993,-0.0016853043841641,0.1713252540071471,25.535934788310406,2.11810102455414,normal,False,False,4.078145518413449,267.93710329659973,16.270056895430102,77591.64667033625,0.947362648963342,True,2.104525233533508e-05,2.104525233533508e-05,0.0037010185690389,2.3405304708102412e-08,1.0518463254800325e-06,3.783456521457993,288641117594.10315,506.63444633802607,70.1423058210474,0.1803700256264678,0.1113569270336487,gravity,normal,True,COHERENT,-0.6636950202007702,-1.0372112290435809,0.4323275533560031,0.0488653295155912,0.2936864355553841,1.0,ACTIVE,HIGH,2.8109891016658595,0.15,0.2,2,1,-0.0748781111874039,0.1690685548478023,0.08,True,False,-0.2439466660352063,0.6762742193912095,0.1690685548478023,0.9999999999529344,-55.63000000000466,-0.3819346431097825,True,False,True,TRANSITION,NONE,0,0,,,0,,state,0.5730753173208857,0.5130769230769231,0.035493563902004505,0.6461538461538461,0.5282786885245901,0.56,0.48813132545398363,-0.24040199517026234,0.07692307692307687,0.6076923076923076,0.5040983606557377,1.0,0.43999999999999995,0.5953474148802017
2026-03-31 19:16:21.061715+00:00,2026-03-31 19:09:00+00:00,BTC/USDT,1m,67859.67,7.95425,-0.0007868878335862,-0.0007868878335862,3.157665464770254e-05,0.001590340613747,-0.220206318357055,27.27196994688881,2.49999923753251,criticality,False,False,4.094354142517612,-2186.6561333314808,16.341879259212945,-987037.0516818488,0.948345117943573,True,2.054577301620254e-05,2.054577301620254e-05,0.0023432322725459,1.6268922198976566e-07,1.0123573268244585e-06,0.9222671787865692,371239068360.0319,504.4498547637356,-85.92653261277233,0.6877632953158785,0.7446303660846911,gravity,criticality,True,COHERENT,-3.8769565544469113,-1.107456343317119,-0.9992590209634784,-0.1589465325785735,0.2009048183048916,-1.0,EXTREME,HIGH,6.940663363618144,0.15,0.2,2,1,0.0744309097761327,0.3578966435798704,0.08,True,False,0.4323275533560031,1.4315865743194816,0.3578966435798704,0.999999999196389,53.44000000000233,0.0232856160156473,True,False,True,CONTINUATION,NONE,0,0,,,0,,state,0.5605984729007093,0.9038461538461539,0.019054656912777142,0.46923076923076923,0.5282520325203252,0.5,0.5191616629159401,-0.3024493420920428,0.0,0.7519230769230769,0.5040650406504065,0.9300675438772762,0.5,0.5507962793401758
2026-03-31 19:18:14.163249+00:00,2026-03-31 19:10:00+00:00,BTC/USDT,1m,67979.61,6.60151,0.0017674710177635,0.0017674710177635,0.0025543588513498,0.0025227821967021,0.5930334335878775,27.14569298034944,2.46954458127014,normal,False,False,4.072072628963571,-1777.0763793240253,16.218053501412257,-804777.0590975002,0.9468938278704824,True,4.674728147800236e-05,4.674728147800236e-05,0.0072200020725214,1.28574583229564e-06,1.7207995156596834e-06,6.873208484248607,223862193423.10675,502.8149493096435,-84.61160088215136,0.6848968573440801,0.6662370528136616,gravity,normal,True,TENSIONED,2.588824858876462,-2.1695921930315465,0.9995505451943522,0.1821550803683016,0.8366010266308348,1.0,EXTREME,HIGH,5.264108121663292,0.15,0.2,2,1,-0.4995566294240209,0.4997023915394576,0.08,True,False,-0.9992590209634784,1.998809566157831,0.4997023915394576,-0.9999999996598092,119.94000000000231,-0.0245083261203733,False,True,True,DISSIPATION,NONE,0,0,,,0,,state,0.5605912977388052,0.6778846153846154,0.1947090995940611,0.46923076923076923,0.603225806451613,0.14,0.410315727835349,-0.12224435889650442,0.0,0.5653846153846154,0.5040322580645161,1.0,0.86,0.6839038461538461
2026-03-31 19:19:10.319979+00:00,2026-03-31 19:12:00+00:00,BTC/USDT,1m,67963.97,7.67418,-0.0002300689868623,-0.0007867095340785,-0.0013437883405029,-0.0001333961291638,0.3782098234667364,27.079157560723807,2.4060052332131447,normal,False,False,4.092760976308938,1211.6402785973053,16.36607800285436,531483.4717840655,0.9483853212654756,True,3.4592603600798186e-08,3.4592603600798186e-08,0.0006901982724135,5.415436172152058e-07,8.931908440316834e-08,5.326413490052801,256615342123.9865,500.7425385015327,81.97571163756896,0.6279909713806383,0.5710765074070718,gravity,normal,True,COHERENT,-7.016461976917766,-1.5955989642849049,-0.7198908041400812,-0.0439957133828782,0.2111680941380966,-1.0,EXTREME,HIGH,4.899970369123597,0.15,0.2,2,1,0.5696902078607439,0.4298603373336083,0.08,True,False,0.9995505451943522,1.7194413493344334,0.4298603373336083,-0.9999999989220612,15.639999999999418,-0.0593156299873114,False,True,True,DISSIPATION,NONE,0,0,,,0,,state,0.49209011094565647,0.6653846153846154,0.06196695830772788,0.5769230769230769,0.5532,0.33999999999999997,0.4369329560979579,-0.15046591219591582,0.3076923076923077,0.6211538461538462,0.504,1.0,0.66,0.6299515384615384
2026-03-31 19:31:42.596186+00:00,2026-03-31 19:23:00+00:00,BTC/USDT,1m,67956.93,5.10943,0.0005462322270239,0.0003903995279874,0.0002346276422215,0.0004959918608082,0.0559366363002562,24.44865080091408,2.057961230672732,normal,False,False,4.089945759370588,54.57696991380488,16.339134746362113,52108.23917534138,0.948166238956232,True,1.917210084375452e-06,1.917210084375452e-06,0.0030927159617665,3.323434890643664e-07,3.222972215961276e-07,3.044069684270653,120740663786.2779,497.3156746376802,67.46081576837302,0.0808752313269578,0.1037122630923246,gravity,normal,True,COHERENT,-7.301357622637369,-0.7541570997433688,-0.9999427795842408,-0.0364087311559692,0.2237109017893358,1.0,ACTIVE,MID,1.0,0.3,0.3,2,1,-0.9999427795842408,0.0,0.08,False,True,-0.9999427795842408,0.0,0.0,-0.999999999876543,-37.09999999999127,0.218328504212351,False,False,True,ANTI_PHASE,NONE,0,0,,,0,,state,0.41461823717638646,0.4823076923076923,0.16884037164210058,0.5692307692307692,0.5281746031746032,0.6,0.4608267688865656,-0.18574083936043279,0.6153846153846154,0.5923076923076922,0.503968253968254,1.0,0.4,0.5931532356532356
2026-03-31 19:35:29.932199+00:00,2026-03-31 19:25:00+00:00,BTC/USDT,1m,67957.13,3.2024,0.000270685031839,0.000270685031839,0.000538354569,0.0011964236341486,-0.0455936663649122,26.88675168973361,2.4853692944328567,normal,False,False,4.105839714928426,-1901.289022636333,16.382436915498108,-893392.7613059323,0.9490193864563844,True,1.1149583280428397e-05,1.1149583280428397e-05,0.0053575859118958,5.234628999907134e-07,7.703080286296132e-07,2.8029549714847235,111255106472.86838,503.0345461534491,-85.26754967606493,0.5985458744097496,0.7026664163218878,gravity,normal,True,COHERENT,-5.314732432065949,-0.7176011108814976,0.9999784245483324,0.6087297516548505,0.864376355649578,1.0,EXTREME,LOW,0.0,0.4,0.35,3,2,-0.4999624785510975,0.4999803010331433,0.08,True,False,-0.9999427795842408,1.999921204132573,0.4999803010331433,0.9999999990275108,18.38999999999941,0.0559156616544798,True,True,True,UNDEFINED,NONE,0,0,,,0,,state,0.45212547120116536,0.8192307692307693,0.36423158327069044,0.7153846153846154,0.4531496062992126,0.37,0.5313199514447411,-0.2892147060390885,0.6153846153846154,0.7846153846153845,0.5039370078740157,0.9477137252812153,0.63,0.5514950576074026
2026-03-31 19:39:15.539011+00:00,2026-03-31 19:30:00+00:00,BTC/USDT,1m,67891.65,3.44421,-0.0009635486372071,0.0001950546572906,0.0005757376954386,0.001442487960559,-0.5908651281814076,24.97828452007867,2.113393712805094,normal,False,False,4.077115785590803,183.4094750680505,16.261420702696647,75225.96043388115,0.9473000560294204,True,1.628890093122985e-05,1.628890093122985e-05,0.0058581755934161,1.7489107454054769e-07,9.03594385779458e-07,-0.4050422456493834,125272554415.62016,507.9294420602564,69.97802111439393,0.1382146627932254,0.1235215721748231,gravity,normal,True,COHERENT,-6.985234942618569,-1.329519440809131,0.9999631562591302,0.1523499827636057,0.3291584422191651,1.0,EXTREME,MID,1.0,0.3,0.3,2,1,0.9999631562591302,0.0,0.08,False,True,0.9999631562591302,0.0,0.0,0.999999999944687,-65.48000000001048,-0.2760988049839712,True,False,True,LATENT_DISLOCATION,NONE,0,0,,,0,,state,0.4521493877615078,0.576923076923077,0.08585027806505913,0.6230769230769231,0.42812500000000003,0.32999999999999996,0.4172610424962897,-0.04858458499257942,0.6923076923076923,0.45,0.50390625,1.0,0.67,0.6492109375
2026-03-31 19:41:41.007752+00:00,2026-03-31 19:29:00+00:00,BTC/USDT,1m,67878.41,2.44922,-0.0003806830381479,-0.0003806830381479,-0.0008667502651203,-0.001353259505138,-0.6119597526290291,27.12448457733037,2.463608496187422,normal,False,False,4.055925070173644,1740.3210527005374,16.18800066052664,781824.8832867043,0.946048612053366,True,1.3979687344111452e-05,1.3979687344111452e-05,0.0033729563760093,5.736696818818629e-08,8.645191824690415e-07,-1.123310089795268,315724052333.18884,509.6641363120892,84.61479290976362,0.6488294092174538,0.6628728056842016,gravity,normal,True,COHERENT,-3.719357130468143,-1.484090996784336,-0.9997403864344404,-0.0214071486093295,0.196951397601875,-1.0,EXTREME,MID,1.0,0.3,0.3,2,1,-0.9997403864344404,0.0,0.08,False,True,-0.9997403864344404,0.0,0.0,0.9999999997967663,25.84999999999127,0.190346187241944,True,False,True,LATENT_DISLOCATION,NONE,0,0,,,0,,state,0.42853083399723446,0.7346153846153847,0.1032720928285572,0.3769230769230769,0.42810077519379847,0.62,0.4810850608851307,-0.17622050936716063,0.9230769230769231,0.725,0.5038759689922481,1.0,0.38,0.5369515503875968
2026-03-31 19:42:08.913204+00:00,2026-03-31 19:34:00+00:00,BTC/USDT,1m,67850.97,5.36786,-0.000599190032942,-0.0002098276863802,-0.0006535507082785,-0.0010809102546336,-0.7836034375120331,27.541760505596308,2.4830858878161584,singularity,False,False,4.061950806930152,1975.1556302111976,16.219583032308357,890375.4690398464,0.9464469814804376,True,8.949195368186201e-06,8.949195368186201e-06,0.0026324413269278,1.263584488413544e-07,6.777876975734728e-07,-2.0334945380309364,260885069727.53336,510.8088287911498,85.45618613789874,0.7681634531828452,0.6941910257002821,gravity,singularity,True,COHERENT,-2.539680787777587,-1.7902349004452196,-0.9990537476513596,-0.0039859843990762,0.1000773216583534,-1.0,EXTREME,LOW,0.0,0.4,0.35,3,2,-0.9995687267386704,0.0001716596957702,0.08,False,False,-0.9997403864344404,0.000686638783081,0.0001716596957702,0.9999999994993648,40.679999999993015,0.0491018258895055,True,False,True,LATENT_DISLOCATION,NONE,0,0,,,0,,state,0.38380016833224995,0.8384615384615385,0.06780991834407034,0.3692307692307692,0.45307692307692304,0.61,0.4816984529115961,-0.18993536736165367,0.9230769230769231,0.8807692307692307,0.5038461538461538,1.0,0.39,0.5045
2026-03-31 19:45:26.219557+00:00,2026-03-31 19:36:00+00:00,BTC/USDT,1m,67869.15,5.47107,-0.0003314104164503,0.0002225364587669,0.0001771428556982,-7.807843375062795e-05,-0.5698124092697161,27.38228749958489,2.411081734873141,normal,False,False,4.027058735199869,1333.924516489844,16.10510238465105,558465.7559497602,0.9443936544405236,True,6.138674519363003e-08,6.138674519363003e-08,0.0004427626647535,5.970246659852809e-09,4.699398136601609e-08,-0.9340117899701,561367089783.552,515.6159363431727,82.67020726832685,0.7055742175909749,0.5589735633934707,gravity,normal,True,COHERENT,-3.827219921194255,-1.2710745193612978,-0.999923136176744,-0.014596115741154,0.1318730897757294,-1.0,EXTREME,LOW,0.0,0.4,0.35,3,2,-0.9992710947827056,0.0002173471313461,0.08,False,False,-0.9990537476513596,0.0008693885253845,0.0002173471313461,0.9999999990390284,22.5,0.0462494835493347,True,False,True,LATENT_DISLOCATION,NONE,0,0,,,0,,state,0.3837794147288848,0.7153846153846154,0.015618516326075142,0.4153846153846154,0.4280534351145038,0.27,0.3711722465157478,0.04362878941125237,0.9230769230769231,0.7134615384615385,0.5038167938931297,1.0,0.73,0.5923178214914856
,2026-03-31 18:42:00+00:00,BTC/USDT,1m,67799.99,6.986,0.0005129474215612,0.0011012114950652,0.0016888284779927,0.0012489512186472,0.0500281005021931,27.30183673442973,2.4216041788617013,normal,False,False,4.065464269804059,1355.4948116614146,16.224924771193503,589546.7964907319,0.946630954319314,True,1.1044096315392873e-05,1.1044096315392873e-05,0.0040889104114381,1.555227389888284e-07,9.516384233427116e-07,2.5593079706886783,461859192150.5718,463.1559040758953,81.58579175710575,0.7390329023047145,0.5777719855480205,gravity,normal,True,COHERENT,-4.920669401006924,-1.1001678931633474,0.9950857575937612,0.0118741610153005,0.2444217179132718,1.0,EXTREME,MID,1.0,0.3,0.3,2,1,0.9950857575937612,0.0,0.08,False,True,0.9950857575937612,0.0,0.0,-0.999999999252843,34.76000000000931,-0.0385042241524957,False,False,True,ANTI_PHASE,NONE,0,0,,,0,,state,0.383639890123997,0.7307692307692307,0.30641665971096493,0.46923076923076923,0.553030303030303,0.56,0.49841093302610556,-0.2733370175673625,0.9230769230769231,0.7192307692307692,0.5037878787878788,0.96888397657685,0.43999999999999995,0.5645875442607625
